safe_instance_id,sampled_text,pred_focalization,pred_emotion,pred_cognition,pred_change_of_state,pred_conflict,pred_concreteness,pred_temporal_grounding,pred_spatial_grounding,pred_sensory
inst_006db69e90bf55fc_330,"Demand was there and it was time to start building a website to automate all the tedious processes we discovered while operating with pdfs, spreadsheets and email. Arrow Emblems was born! Idea hatched to expand digitizing operations at Ignition Drawing to a line of promotional products.",2.0,1.0,3.0,2.0,1.0,1.0,1.0,1.0,1.0
inst_0119b35b69835eeb_256,"Soucy took exception and went to stand up for Gio but Gio ended up dropping gloves and grabbing Raska. In Gio’s defense, Raska looked like he dropped his gloves at the same time and was ready to fight. Where people are upset with Gio is there is an unwritten rule that you don’t whoop on a rookie, especially over a clean hit or play.",2.0,2.0,2.0,2.0,5.0,2.0,1.0,1.0,1.0
inst_01bd4f2a750d51c8_96,"It made him feel less alone in his faith and convictions. Clearly, there are a lot of pro-life young people! As we watched busloads of Catholics streaming into the Washington Mall, we were happy to find a group of seminarians from St. Vladimir’s and St. Tikhon’s along with other Orthodox clergy and laypeople.",4.0,3.0,3.0,2.0,1.0,3.0,2.0,4.0,2.0
inst_01c8a6fc7e0214c9_296,"lol, good luck reasoning with rito on these subjects or even getting a human response...i got permabanned for letting my younger brother play 2 normal games, and he just so happened to pick ashe when she had that ""exploit"" thing...next thing you know i get struck by the banwave (if they had a replay system i could have easily proven that the exploit wasn't used even once unless a toddler is capable of pressing multiple buttons to actually perform it) and when i contacted rito about it they said we can't do anything about it, especially since now you confirmed you were account sharing...with a 9 y.o?...it would be a miracle if they even respond to this, let alone do something about it to fix the situation.",3.0,2.0,4.0,3.0,5.0,3.0,1.0,1.0,1.0
inst_01e7a3a4bf892ebe_99,"At the time of the first hearing before VCAT, the tenant had not paid the current month's rental. Despite the damning record of rental payments, Deputy President McNamara of VCAT alluded to the fact that relief against forfeiture will almost always be granted to a tenant, if the tenant can satisfy the tribunal that it has taken steps to ensure that no further defaults will occur. In this case, the tenant offered a further security bond of 4 months' rental, having obtained a loan to provide the business with working capital, which was enough to satisfy the tribunal that it would take its obligations under the lease more seriously.",1.0,1.0,2.0,3.0,3.0,1.0,1.0,1.0,1.0
inst_023724015e2be3b9_253,I love that the series is about football (soccer) players rather than the baseball/NFL series I read so much of - mostly because this is something I can understand!! I loved that the twist in the tale - a surprise baby! - came at the beginning of the book not at the end.,4.0,4.0,3.0,1.0,1.0,1.0,1.0,1.0,1.0
inst_024b845f67b0980c_125,"To boost Rider’s name and credibility, Zane and a team of advisors decided to move in a different direction this year, opting to appeal to a wider range of students with a larger, more exciting prize. Brodsky, ’64, is a successful entrepreneur who has earned several honors and accolades by expanding and founding six businesses. According to Zane, Brodsky, who has agreed to donate half the scholarship money while Rider covers the other half, had specific requests when it came to the criteria of the monetary gift.",1.0,1.0,2.0,2.0,1.0,1.0,1.0,1.0,1.0
inst_029d8959e57bb18f_291,"""I'd like to pay credit to Kaia for playing well and want to wish her all the best for the rest of the tournament."" Osaka took a medical timeout while trailing 4-3 in the first set and appeared to be moving a bit better and actually broke Kanepi both times she was serving for the opening frame to force the tiebreaker. Osaka spent more time working with the trainer during the changeover between sets and then quickly fell behind in the second before deciding to end the match.",2.0,1.0,2.0,4.0,2.0,3.0,2.0,1.0,1.0
inst_0365023d18a8a792_132,"The most notable scare can be seen at the prestigious Great Barrier Reef in Australia. Recently, a team of researchers from Israel and the United Kingdom decided to spotlight deep water corals who were glowing in the dark – wondering why and how this fluorescent flourishing was occurring. What they discovered was that these corals were soaking in the blue light in order to produce a protein which illuminated the coral to become glow in the dark, internally initiating growth.",1.0,1.0,2.0,1.0,1.0,2.0,2.0,4.0,2.0
inst_0382369c813eb14d_265,"The only authority is a police-force called the “Judges”. When Judge Dredd and a trainee get trapped inside a building, they are taking up a gang who distributes a drug called “Slo-Mo”. Don’t […]
0
PostedJanuary 7, 2013 by Poort
Full Review",1.0,1.0,1.0,2.0,2.0,2.0,1.0,2.0,1.0
inst_042b52c8a343b0f5_107,1) Is the Power Antenna lead connected? 2) Is the antenna plugged into your headunit? 3) Did you install the deck yourself or have an audio shop do it? 1) Power Antenna lead where is that??? I connected all the from the harness i bought from good guy to the wires in the back of my sony xplode.,1.0,1.0,1.0,1.0,1.0,3.0,1.0,1.0,1.0
inst_04e949d8374f50db_258,"I didn't understand what Linux was, I didn't care, all I knew is it had a cool, unique interface and I could play Minecraft on it. I got my own PC, went back to Windows for a while, updated to Windows 8 and absolutely despised it, this was also when Anonymous was roaring in the news and I got interested in hacking. After spending some time in forums, everyone was talking about Kali, so I started using it on my main PC.",4.0,3.0,4.0,3.0,2.0,2.0,4.0,1.0,1.0
inst_0538402e3fcaf3c4_146,"There are direct air links between the capital cities, while by bus or car the countries are connected by the Via Baltica highway. It takes about 9 hours to get from Vilnius to Tallinn by bus (almost 600 km), while travelling from Vilnius to Riga is roughly 4.5 hours either by bus or train (almost 300 km). Tours in the three Baltic countries are organised by:",1.0,1.0,1.0,1.0,1.0,2.0,1.0,5.0,1.0
inst_062cc9f1597e5117_347,I was the only kid who had that game on my school bus to my knowledge. ...Though I did grow up in bum nowhere. @aznable I enjoyed Hybrid Heaven too. Haven't played a single game like it since. isn't the gbc game super mario brothers labeled Super mario Brothers Deluxe?,2.0,2.0,2.0,1.0,1.0,2.0,2.0,2.0,1.0
inst_066ee3eff531fb88_267,I learned from their works. When I first saw their amazing pieces of art I felt excited and inspired as never before. I felt as though I had just opened my eyes and seen the light for the first time. Chasing and repoussé has became my passion in life.,5.0,5.0,4.0,5.0,1.0,2.0,1.0,1.0,4.0
inst_07674afaf6952f79_1,"Hariharganj Block Development Officer Jaiprakash Narayan, who reached the accident site, said three labourers died on the spot and three others, all women, died during treatment in Bihar's Aurangabad. The death toll may increase, he said, adding that the accident occurred on National Highway 98. PTI CORR NAM NAM DIV DIV",1.0,1.0,1.0,2.0,1.0,3.0,1.0,4.0,1.0
inst_07fe56ae8b3bc671_240,Sober? So You've Been Laid Off. Now What?,1.0,1.0,1.0,1.0,1.0,1.0,1.0,1.0,1.0
inst_07ff6e85fae599de_159,"I can only answer one of those, maybe, and it's flimsy at that. But possibly she would babysit/help-out and she had to do it for free because it was meant as service work? Idk. Growing up, my parents would take my brother and I to someone's home who had surgery or were elderly or whatever and we would yardwork and we knew not to ask for money, even from our parents, because it was loving your neighbor in action.",,,,,,,,,
inst_0901f51c5397ac4a_58,"The archbishop's successor, Thabo Makgoba, waved a chalice of burning incense over the coffin before pallbearers, Anglican vicars, took the coffin from a silver Mercedes SUV hearse. The coffin carrying the remains of Anglican Archbishop Emeritus Desmond Tutu arrives at St. George's Cathedral, Dec. 31, 2021, where he was to lie in state for a second day in Cape Town, South Africa. Tutu died Sunday at age 90.",1.0,1.0,1.0,2.0,1.0,4.0,5.0,5.0,2.0
inst_091ebdc8a52ae47c_313,"A couple of years ago a few notable users of the /r/Leafs community didn’t like the way /r/Leafs was being moderated, IIRC it had something to do with posting editorialized titles for quick karma and there weren’t any standards. These users went and created /r/MapleLeafs where in which there was a poster whitelist (you could only post on the sub if you were an approved user by the mod team). Eventually /r/Leafs took on a couple of new mods, got rid of some inactive ones, and since then it’s gone to a place of high quality discussion, with a nice layout, and a dank shitpost Sunday.",1.0,1.0,2.0,3.0,3.0,1.0,1.0,1.0,1.0
inst_0a35399108cfcbf4_147,"This total, as reported by companies participating in the USMTO program, was up 10.2 percent from September but down 3.2 percent compared with October 2012. With a year-to-date total of $3.9 billion, 2013 is down 10.6 percent from the 2012 level. These numbers are based on the totals of actual data reported by companies participating in the USMTO program.",1.0,1.0,1.0,1.0,1.0,1.0,3.0,1.0,1.0
inst_0a6972516e407e56_29,"My shoulder isn’t keeping up all night, I’m not eating Ibuprofen everyday and, believe it or not, by adding reps to this workout I’m actually in better shape. Yes previously, I could waddle over to the bench and press 300 one time, but after that, I was done and running for medicine cabinet to take the maximum amount of NSAIDS to kill the pain. This is not healthy but man, did it ever fuel my ego.",5.0,3.0,5.0,4.0,3.0,4.0,1.0,2.0,2.0
inst_0ab5e1484fdc9cd1_112,"As noted a few months back, the Tradesman has been quietly taking shape in the Mission for months now, thanks to some local craftsmen: Zarin Gollogly and Spencer Lafrenz of Harrison Woodworking + Design. They fully built out the industrial space, making nearly everything themselves, from the furniture to the shelving. The result is a rather good-looking bar and dining room, located around the corner from Central Kitchen, Sightglass and Trick Dog, serving beer, wine and a full food menu.",1.0,1.0,1.0,1.0,1.0,3.0,2.0,4.0,1.0
inst_0f887acfa9e00da7_8,"1:29: The drill comes to a brief halt for the first fight of training camp. Christian Barmore and Andrews get into a scuffle during a play and, likely against the wishes of the coaches, Jones jumps right into the pile. He tries to pull away men twice his size as the pile grows before Nelson Agholor pulls Jones out himself.",1.0,1.0,1.0,1.0,4.0,4.0,3.0,2.0,1.0
inst_10409fb86c6f21d4_139,Great course which taught me how to integrate technology into my teaching. Thanks so much to the instructors for making it all into a story so that we'll have fund to learn and remember everything!! !,2.0,2.0,2.0,2.0,1.0,1.0,1.0,1.0,1.0
inst_10a9263d1eac37ef_241,"#The Panama Canal#Cruise Ship#Oceans#Atlantic Ocean#Travel Time
Awesome Photos Show What It’s Like to Cruise Through the Panama Canal
I just got back from a cruise vacation to Central America. Visiting the Panama Canal has been a bucket list item for decades. I remember learning about the canal in school and, for whatever reason, was always intrigued by it.",3.0,2.0,3.0,1.0,1.0,2.0,2.0,3.0,1.0
inst_110a133eba76a4ff_252,"They have now lost two straight, with a margin of two points in each outing. The Steelers were roughed up 36-10 at Kansas City in Week 16, falling to 2-4 SU/3-3 ATS across the past six outings. Pittsburgh picked up a 15-10 win at Cleveland back in Week 8 as a 5.5-point underdog with the Under cashing.",1.0,1.0,1.0,3.0,4.0,2.0,4.0,4.0,1.0
inst_1141639c7ece7398_342,"There was Sam at FinalCutProTemplates.com (now SquidFX), MotionVFX, Mark Spencer, and idustrial Revolution. CrumplePop’s innovation was to use the Master Templates architecture to make things that were more like general-purpose plugins. The problem was that Master Templates in FCP were often buggy and unpredictable.",1.0,1.0,1.0,1.0,1.0,1.0,1.0,1.0,1.0
inst_11800aedbe30cc11_92,"A memorial was erected to Fallows and his wife at Forest Home Cemetery, in Forest Park, Illinois. At the time of his death, he was the oldest living alumni of the University of Wisconsin. Personal life and family. In 1860, Reverend Fallows married Lucy Bethia Huntington, a niece of Reverend Frederic Dan Huntington, of Massachusetts.",1.0,1.0,1.0,1.0,1.0,2.0,3.0,3.0,1.0
inst_11f143c2c5576471_18,"It should come as no surprise that certain activities prior to sleeping can lead to positive or negative impacts on sleep. While some behaviors seem to be obviously helpful or harmful to sleep, others affect users differently depending on who they are. This post focuses on high-level observations from the general WHOOP population, but the best way to discover how these behaviors impact you personally is to answer the survey each morning and let our upgraded WHOOP Coach work its magic.",1.0,1.0,1.0,1.0,1.0,1.0,1.0,1.0,1.0
inst_14651d1a233c9d09_164,The cat’s terrified an starts runnin in circles roond the room. Efter a few laps it ends up hingin fae the curtains. It’s bedlam. Aw ah kin dae is staund at the door an watch in horror.,,,,,,,,,
inst_14c7f2f6bb3fa0eb_166,"Even when the building was being constructed, I had overseen all of the safety measures. I do not understand how such a big incident could have taken place.”
A team of 16 firefighting units doused the fire after a seven hour operation around 2pm on Friday. Gazipur Fire Service and Civil Defense Deputy Assistant Director Mamunur Rashid said: “The fire broke out on the sixth floor of the factory, and both fifth and sixth floors were entirely damaged.”",2.0,1.0,2.0,2.0,1.0,3.0,3.0,3.0,1.0
inst_15fc8e9542aded94_93,"Cool, what heroes did you use fot the stage with the CW? 2/3: use Psycho ult at the beginning to cancel LM's ult. DM ult for damage. im stuck on chapter XVI - 5, the FM just simply wipe my whole team, anyone passed ?",1.0,1.0,1.0,1.0,1.0,1.0,1.0,1.0,1.0
inst_16477da9ddd2902a_285,"The two lifeboats stood by at the scene as the Coastguard helicopter winched the yachtsman to safety. He was airlifted on to the mainland into the care of Dale Coastguards, who assisted in the rescue mission. Both lifeboats were subsequently stood down and returned to their stations.",1.0,1.0,1.0,4.0,1.0,3.0,1.0,2.0,1.0
inst_164b43faa30028ba_332,They pulled receiver out spun it around and left.. Came home no trailer or 4 wheelers. The post 2 ATVs and trailer stolen appeared first on STOLEN 911. Stolen from the yard at my home at night on 10/26/19.,2.0,1.0,1.0,3.0,2.0,3.0,4.0,2.0,1.0
inst_1741db402e03050a_126,"Therefore, I'd like it to go directly to the usual Save As window without the intermediate step. I can't find anything in the options about it, and a google search turned up results for unrelated issues. Has anyone found a way to turn off this new feature?",1.0,1.0,2.0,1.0,2.0,2.0,1.0,1.0,1.0
inst_18616d22591a9492_257,"Losing this mare has broken my heart and robbed my spirit. No other horse can take her place. She was priceless. They all run and play together, but the day comes when one suddenly stops and looks into the distance. Their bright eyes are intent; Their eager body quivers.",5.0,5.0,4.0,4.0,3.0,3.0,2.0,1.0,4.0
inst_18cc7719f8dc0617_269,"This unique summer school gives teenagers the opportunity to work with tutors and musicians to create a piece in less than a week. Rosie had attended the school as a student a few years ago and enjoyed encouraging others where she had been encouraged. As a Runner she helped organise the day to day running the tutor group Advanced Instrumental Composition and assisted the tutor David Horne, as well as giving compositional advice to the students.",3.0,2.0,2.0,2.0,1.0,2.0,2.0,1.0,1.0
inst_19cd17f74cf63f1b_43,"They talk about the value of their own branding which is, clearly, very important as if I propose you a GTX 1080 by naming it GQY MegaForce 2 you would not be able to recognize what you are buying but calling it ASUS AREZ Strix GTX 1080 instead of ASUS ROG Strix GTX 1080 would not make any real difference. The couple NVIDIA-GeForce and AMD/ATI-Radeon can’t be directly compared to a sub brand of one of the OEM. We have to remember that humans are simultaneously the most and least intelligent animals on the planet.",2.0,1.0,4.0,1.0,2.0,2.0,1.0,1.0,1.0
inst_1b14a5abbe61ef4d_184,"I just couldn't make either session this morning. What an awesome workout! Really struggled today, was in a world of hurt at wall balls. Thanks to the trainers for their support and encouragement today, that's why I love coming to crossfit brisbane!",4.0,4.0,3.0,3.0,3.0,3.0,2.0,4.0,2.0
inst_1bba9ce9ecaefcf6_80,We had a fully-functioning VLE where notoriously tech-phobic teachers could easily build rich learning content by dropping anything from text to video to their own 3D environments on a page. It was shiny. Bad luck seemed to always dog the project.,2.0,2.0,2.0,1.0,2.0,3.0,1.0,1.0,2.0
inst_1e6fc298655f7059_137,"Members were advised that of the 6 completed assignments, the Door Access Control review had resulted in a limited assurance with 8 actions being agreed by management to be implemented without delay. In relation to the Procurement review, 4 actions had been agreed by management and it had been decided that CMAP would allocate days to enable the review to be revisited as part of the 2020/21 Audit Plan. Members took the opportunity to ask questions concerning the outstanding moderate and low risk recommendations and what actions were being taken by management to escalate and address the issues to ensure compliance as necessary.",1.0,1.0,1.0,1.0,1.0,1.0,2.0,1.0,1.0
inst_1ee79704c47d231b_323,"&gt;**Edgar Allan Poe is your 25th cousin twice removed. **

Oh no, it seems I'm also a poetato. He's my mother's mother's father's mother's mother's mother's father's mother's mother's father's father's mother's mother's father's mother's mother's father's father's father's father's mother's father's father's father's mother's father's mother's mother's son's daughter's son's daughter's daughter's son's son's daughter's daughter's son's son's son's son's daughter's son's daughter's son's son's daughter's son's daughter's son's son's son's daughter's son.",1.0,1.0,1.0,1.0,1.0,1.0,1.0,1.0,1.0
inst_1ef8d286c841365e_65,"Members of the Browns' defense are talking that talk. The declarations about showing the football world they have dynamic playmakers, a potential top-ranked unit and the ability to carry the team to the playoffs are nothing new. We heard them last year in training camp, where the boasts rolled off their tongues as routinely as sweat fell from their faces beneath an unforgiving sun.",2.0,1.0,2.0,1.0,1.0,3.0,3.0,2.0,3.0
inst_1f7a5d1a07c00552_280,"He is the twin brother of Minzum Quina. Club career. Nelinho Quina made his debut in the Torneo Descentralizado in 2005 playing for Sporting Cristal. In his debut season, he was part of the team that finished as champions of the 2005 Torneo Descentralizado season.",,,,,,,,,
inst_20123761da680746_155,"If you can open his mind with something he is familiar with, then you can explain your views on God to him. Magic and stuff is real depending on how you believe in it, I was watching a video the other day and it had an example of black magic as someone talking negatively of somebody else trying to change their perception of that person and in that context it really kind of is because our attention is our most powerful tool that we have as a human and if you don't guard that attention from negative ""spirits"" or negative perceptions in the things you pay attention to it can change you consciously and subconsciously that's why chance work because you're focusing your vocal and sound energy and attention and shouting it out into existence. If you really want to try and get him back try to connect with him and of course start healing and let him know that he probably needs healing just as much as you do since y'all are twin flames",2.0,2.0,5.0,3.0,2.0,1.0,1.0,1.0,1.0
inst_215a42a9a2206747_172,"The score in the first game was 14-32, while in the next game we were beaten not so badly, 15-20, thanks to the girls for their gay cheering. In the fall, John Mullany was manager and Vernon Hobbs, captain. This term, Mr. R.A. Pattern, grammar school teacher, is coach and manager, and Roscoe Trueworthy captain.",2.0,2.0,1.0,2.0,2.0,2.0,3.0,1.0,1.0
inst_215a42a9a2206747_246,"The score in the first game was 14-32, while in the next game we were beaten not so badly, 15-20, thanks to the girls for their gay cheering. In the fall, John Mullany was manager and Vernon Hobbs, captain. This term, Mr. R.A. Pattern, grammar school teacher, is coach and manager, and Roscoe Trueworthy captain.",2.0,2.0,1.0,2.0,2.0,3.0,3.0,1.0,2.0
inst_21887c14ec3f0c06_334,"In fact, I liked her more as a character than almost anyone else in the play. There are not traditional heroes and villains in this story. Jack Clitheroe, the brave, idealistic fighter and handsome, loving husband would seem to be the hero, but by the end of the play, he has abandoned his wife, who has gone mad.",3.0,2.0,4.0,3.0,3.0,1.0,1.0,1.0,1.0
inst_22b78960864b8d4f_15,"The ability to leave no trace and be self sufficient is a lot different than simply walking a great walk. Ability to roam anywhere you want carries with it the responsibility to not damage nature/the experience for all users. I.e do you know how to shit in nature without it being a problem  


It's definitely allowed, but it discouraged because so many folks don't understand how to be in the bush without a hut/toilet/provided burner or leaving notable impacts, If even 10% of the great walkers tried tried it they'd ruin the landscape.",1.0,1.0,2.0,1.0,2.0,2.0,1.0,2.0,1.0
inst_230653008b8e2d02_122,Not to mention that some theaters offer the same perks my simply joining their loyalty program. Every time you purchase tickets another point is added to get a free movie pass. Check your local theaters for more details. Click to sign up and get paid for your opinions today.,1.0,1.0,1.0,1.0,1.0,2.0,1.0,1.0,1.0
inst_239d9d1939c7c6c0_225,"Merchant is solely responsible to purchasers for the care and quality of the advertised goods and services. Arielle and Robert, founders of Unity Yoga, wanted to create a community within their studio, where yoga enthusiasts and newcomers alike can share the joy of yoga and to discover its numerous benefits. To do that, they recruited an experienced lineup of teachers.",2.0,2.0,3.0,1.0,1.0,2.0,1.0,2.0,1.0
inst_23b693948ff49062_69,"Abstract Letter to Eugene V. Debs on B. W. Huebsch, Inc. letterhead, 5/13/25. Writes that he liked what Eugene V. Debs had to say about Waldo Browne's biography of John Altgeld and asks that he be allowed to use it in publicizing the book. Mentions that he attended the dinner held in Eugene V. Debs' honor a few weeks ago in New York City, New York.",1.0,1.0,2.0,1.0,1.0,2.0,3.0,4.0,1.0
inst_23c1f49e745dba3b_337,"His family didn’t have the $900 for bail so he sat in jail for 3 years and when released finally he hung himself.m after years of depression and abuse inside the prison system. This man had $1400 in cash to pay back his victim, faced no charges or jail time. Yet when people post about how this video shows white privilege all around they get downvoted.",1.0,1.0,1.0,5.0,4.0,2.0,2.0,2.0,1.0
inst_25103abc5b669422_212,"They crashed in the Irchel and both pilots were killed. From time to time reports about this accident appear in the newspaper. Inspired by such a report, I have now built these two Bell P-39 Airacobras as models in scale 1:72.",3.0,2.0,3.0,3.0,2.0,4.0,1.0,3.0,1.0
inst_256b9038b6e4094b_271,"We agree on the course of action prior to the good times and the less than good times. When we are faced with circumstances that could stir us emotionally, we have already determined our course of action. This will help us from making long-term mistakes based on short term emotions.We manage portfolios on a ""fee-only"" basis.",1.0,2.0,3.0,1.0,1.0,1.0,1.0,1.0,1.0
inst_25734d436efa7bc8_345,"Eng. Cu has decore verterem invenire. Euripidis vulputate mea ea. No paulo affert dicunt sea. Mutat regione per id. In usu dolorem urbanitas disputationi, ea assueverit dissentiet nam.",1.0,1.0,1.0,1.0,1.0,1.0,1.0,1.0,1.0
inst_27144bea99a845ae_123,Confirmed. I didn't use an address sanitizer and the behavior seems to be that Octave really does try and allocate 2^31-1 entries; This threw my computer into a swap disaster and I was lucky to be able to get to a shell prompt eventually and kill the process. More sparse badness...,2.0,2.0,3.0,2.0,3.0,1.0,1.0,1.0,1.0
inst_293bc38a8ab2a9fd_105,"What amazing responses smiles produce! And her encouragement to ‘come again’, brought me back long enough to exchange numbers; unexpectedly embracing a budding new friendship. But it wasn’t a well-put-together version of me, she met.",4.0,3.0,3.0,3.0,1.0,2.0,1.0,1.0,1.0
inst_2ad1f7dd9123d2c3_68,"But in reality, my guy and I are just super happy and enthusiastic about being so. One example: He texts me good morning every single morning at the same time and even just that one little detail would have been enough for the sub to freak tf out. ha.",4.0,5.0,3.0,1.0,2.0,2.0,3.0,1.0,1.0
inst_2b0dc415ffcba4b8_24,"- FREE SHIPPINGFrom €75,-
- ORDERED BEFORE 17:00Next day at home
- WHATSAPP SERVICE+31 6 44 60 60 14
- Service point deliveryPick up where and when you want
Description
Malelions Captain Hoodie - Bordeaux/White
The Captain Hoodie is the bestseller of this winter! These hoodies are available in 4 new refreshing color combinations and can be combined with the Malelions Signature track pants. Slim Fit
High-quality cotton
Luxury finished string
Washing instructions 30 °C
0 reviews
0 stars based on 0 reviews",1.0,1.0,1.0,1.0,1.0,3.0,2.0,1.0,2.0
inst_2b59b3f3b8177ba3_64,"Stinson, 21, had told police she and her son had taken a lift with a man named 'Antwan' on Saturday night, September 1, and claimed she got into the car because she felt her son was ""too heavy"" to carry home. However, she said, there was an altercation in the car and Antwan struck her in the face and when she woke up on Sunday morning in Largo Central Park, she couldn't find her son and reported him missing to police. On September 4, the Florida Department of Law Enforcement tweeted: ""The Amber Alert for Jordan Belliveau has been cancelled.",1.0,1.0,1.0,3.0,4.0,2.0,4.0,4.0,2.0
inst_2c0b329fb9229f5a_202,The sender expresses his serious concerns for not having received any letter from his father in Italy in over a year and asks for reply to be sent via the Red Cross in Narwa. AN EXTREMELY RARE RUSSIA - GERMANY MIXED FRANKING WHICH TRAVELLED THROUGH THE ESTONIAN RED CROSS COURIER POST. A MAJOR RARITY OF ESTONIAN POSTAL HISTORY!,1.0,1.0,1.0,1.0,1.0,2.0,2.0,3.0,1.0
inst_2c577cbb81f5f1e5_210,"The Falling Soldier has, however, been the subject of doubt about its authenticity ever since Robert Capa published the shot, which he said was taken on September 5, 1936, during the battle of Cerro Muriano, near Cordoba. “The truth is the best picture, the best propaganda,” he told the New York World-Telegram a year later. Now Fernando Penco, an archaeologist from Cordoba, has added to the claims that The Falling Soldier was staged, based on a study of the landscape in the photo and witnesses’ accounts.",1.0,1.0,1.0,1.0,2.0,2.0,4.0,3.0,1.0
inst_2db83d872c717510_200,"But the interior bits around have always tainted by a whiff of old fashioned, decomposed, gone. And then you see an article with pictures. And suddenly there’s a connection; the pleasure sensors of your brain start to fire, the tentacles of imagination reaching out, asking for more, what was a wall becomes a door…is this really happening?",5.0,3.0,5.0,4.0,1.0,3.0,1.0,1.0,3.0
inst_2e2c8a0b5d8c95ec_78,"It is just over two years since the 'world came tumbling down', yet we are already looking at our next investment or development opportunity and I have never felt more in control. We highly recommend the Design a Decade program. Before being introduced to the fundamentals of this program, we believed that we were doing just fine.",3.0,2.0,3.0,4.0,2.0,1.0,3.0,1.0,1.0
inst_2e4337556e87c1bb_287,"""Their pace is insane,"" he adds. ""They had the studios we were working in booked out for three months, on a cycle. There were people constantly coming in and out, in and out, and it was so crazy to be in that room and that headspace.",4.0,3.0,3.0,1.0,3.0,2.0,2.0,2.0,2.0
inst_2ecbc6bcab0d0c87_156,"I partnered with three gentlemen. They sold me a dream and it seemed nice. They all went to Harvard. So, I left KAA and joined them, and just after four months, the partnership was not working. I had everything I needed to start my own firm and went ahead.",3.0,2.0,3.0,4.0,2.0,2.0,2.0,1.0,1.0
inst_2ed57bdd5c45a6c2_115,"I came from a poor background and a lot of my friends did as well, so most of my friends live paycheck to paycheck. I see kids with rooms stuffed with shitty toys and just can't help but see a mountain of missed opportunities. If you can save $250 every Christmas and birthday from age 0 to 18, that's $9,000 before interest alone.",4.0,2.0,5.0,1.0,2.0,3.0,3.0,2.0,2.0
inst_2eff538fe835d017_27,"To pressure his factor, Mr. Thornley used the example of a block of small art deco apartments in St Kilda, rather than in the Melbourne CBD. “The apartments had been, at the time, in traditional rent, so we determined to transport them over to Airbnb,” he said. Mr. Thornley additionally added that houses should offer a larger return than flats.",2.0,1.0,3.0,2.0,1.0,2.0,1.0,4.0,1.0
inst_2f25c97c2f639be6_47,- Someone is slower than expected (it could be you). - Somebody gets hurt. - You have misjudged the running times. - You must have saved yourself the time a storm passes. - You left too late. - Etc.,1.0,1.0,2.0,2.0,2.0,2.0,1.0,1.0,1.0
inst_2f5f05c0a25d1ca5_10,"The search for alleged treasure claimed the lives of three hunters, who reportedly died of suffocation on Saturday in Sitio Bugtong, Brgy. Tan-awan, Kabankalan City, Negros Occidental. But they were declared dead on arrival at a hospital, police said.",1.0,1.0,1.0,3.0,2.0,3.0,2.0,5.0,1.0
inst_2fc9b178125bc67f_306,"Benedict has been in the industry more than 30 years. He began his career in 1980 with Rosen’s Diversified, Inc. In 2005, Rosen’s Diversified, Inc. merged its meat processing companies with American Foods Group, Inc. to create American Foods Group, LLC.",1.0,1.0,1.0,2.0,1.0,1.0,4.0,1.0,1.0
inst_303b0f72dacfe493_33,"Back to my loves this week in **Chanel Coco Noir** today. I had taken an unplanned break from chanel, for no real reason other than trying to spread some love to others in my collection. So it wasn’t like I was intentionally neglecting Chanel, it just happens sometimes.",,,,,,,,,
inst_310ccdda9e08b0f0_346,"And let’s not forget, the perfect writer is that who gets A. Writing a research paper can seem intimidating, more so to those who are doing it for the first time. However, I was determined to give it my best shot despite the magnitude of the daunting task that lay ahead of me.",2.0,3.0,3.0,1.0,3.0,1.0,1.0,1.0,1.0
inst_312dbfa2baef95fd_59,"Gameplay is reminiscent of the hack-and-slash dungeon-crawling mechanic popularized in the Diablo series. Three adventurers that have met by chance find the Demon Stone, an ancient prison, just as it breaks before their eyes. The contained evil is unleashed and the wicked spirits of a Githyanki general and a Slaad lord once again threaten the world.",,,,,,,,,
inst_32108a45c2fe52f9_71,"On search 1359 Kg Ganja was found consealed inside and was seized. Three persons also arrested in this connection. The war on drugs continues. West Tripura District seized huge quantity of heroin, tablets and cash West District West Tripura District seized huge quantity of heroin, tablets, cash and arrested persons involved in the drug trade.",1.0,1.0,1.0,1.0,2.0,2.0,1.0,3.0,1.0
inst_3323caebbab384dd_322,"I don’t remember what illness he had exactly since I was very young at the time, but towards the end of his life he was losing an alarming amount of weight and there were rashes all over his body, especially on his arms. He was suffering from this for months. My grandfather was a selfless man, as far as I remember he usually prayed for his family rather than himself.",3.0,2.0,3.0,4.0,1.0,3.0,2.0,1.0,2.0
inst_33c156d5be8355a3_6,"Down by 2, the Blue Devils missed a 28-yard field goal to take the lead with less than 2 minutes left in the game. Stanford. Although the Blue Devils kept the first half close, Stanford opened up the game in the second half.",1.0,1.0,1.0,2.0,3.0,2.0,2.0,1.0,1.0
inst_355d936515c3e52e_102,"It is like a handheld 3D printer. It uses the same kind of heating element and extruder that you would find on a desktop 3D printer. But instead of being controlled with computer software and motors, you guide the printer head by hand.",,,,,,,,,
inst_38234b5bb3cdb453_217,"These qualities are seen in his first sport results: 2nd in the Stallion Competition of Peelbergen, receiving an 8.5 for his jumping technique with an 8 for rideability. Offspring
The first offspring of Cohinoor are appealing foals with expression; they are well developed with a light-footed canter, remarkable take off, suppleness and balance. Daughter, Lulena, was presented the Champion ribbon at the CK Friesland and finished 8th in the final of the National Foal Championship.",1.0,1.0,1.0,1.0,1.0,2.0,1.0,2.0,1.0
inst_38522f222cae04bc_145,"Bags or Sacks


""Do you like cafeterias?"" I asked. ""Don't know,"" he answered, ""I've never played them."" ""What religion do you follow?"" another man asked me. In a mining camp they told me to take such and such a ""trail.""",2.0,1.0,2.0,1.0,1.0,2.0,1.0,2.0,1.0
inst_38d4c44367559a26_144,"In 1924 he and Henekh Kon wrote the music for the first Yiddish opera performed in Warsaw, ""Dovid un Basheve (David and Bathseba)"", performed in Warsaw's Kaminski Theater; he also wrote a libretto for the opera ""Monish"" based on I. L. Peretz's epic romantic poem. In 1926 he began writing for the Azazel theater cafe in Warsaw. In 1927 he was one of the founders of the kleynkunst stage ""Ararat"" in Łódź, an experimental theater that featured the actors Shimon Dzigan and Israel Shumacher.",1.0,1.0,1.0,2.0,1.0,2.0,5.0,5.0,1.0
inst_390b88d1a32ccbaa_134,"As the main source of income for her family she has been working with livestock since 1998. Thanks to her hard work and responsible approach to the business, she has been able to develop her farm to have one cow, 20 sheep, and 0.48 hectares of irrigate land, on which she grows potatoes. In order to further develop her farm, Baktygul applied to the bank ""Bai-Tushum"" for a loan in the amount of 60,000 som (KGS) to buy a dairy cow with the goal of increasing her sales of organic milk and her income from raising cattle.",1.0,1.0,2.0,3.0,1.0,4.0,4.0,2.0,1.0
inst_390d3ec0ca2022dd_87,"10:. Subscribe
Featured on this Episode
As a research associate at Harvard, Anthony Kane helped to develop a rating system as part of the Zofnass Program for Sustainable Infrastructure. In partnership with the Institute for Sustainable Infrastructure, founded by the American Society of Civil Engineers, the American Public Works Association, and the American Council of Engineering Companies, those efforts eventually led to the creation of the Envision Sustainable Infrastructure Framework.",1.0,1.0,1.0,1.0,1.0,1.0,1.0,2.0,1.0
inst_3a21b0c4d6d46e87_127,"She was previously tied with Litha. I guess she decided to go out with a bang because I had to have the vet come help her. I couldn’t feel a kid in there (hard to do on your own), but it also took the vet quite a bit of work to get the first one out.",3.0,1.0,2.0,4.0,2.0,2.0,1.0,1.0,1.0
inst_3b4a0b40e1e8a528_250,"""There's no loan contingency, no inspection and no appraisal,"" Michi Olson from Alain Pinel Realtorssaid. ""We just had one in the East Bay with 53 offers and the property went for $200,000 over the asking price."" Olson said the one who bought the East Bay property was from China.",1.0,1.0,1.0,1.0,1.0,2.0,1.0,3.0,1.0
inst_3c8b470f29e5b69b_320,"Kay Matthews, who lives in the Lake Matthews area south of Riverside, said the sudden jolt was “so fast” — so fast that she looked out the window to see if a car had crashed into her house. “I didn’t think it was an earthquake,” she said. “I thought someone had hit the house.”
Regional economist John Hussing, who lives in Redlands, said he wasn’t sure at first either, whether the tremor was actually an earthquake.",3.0,1.0,4.0,1.0,1.0,2.0,1.0,3.0,1.0
inst_3cae718d83f79c4a_52,Press the power button to switch on the 123.hp.com/ojpro8620 printer. Raise the top cover of the printer. Refrain from proceedings for at least one minute until the carriage slides to the right side of the printer. Take away the ink cartridge from the package and then eliminate the protective tap from the ink cartridge.,1.0,1.0,1.0,1.0,1.0,4.0,1.0,2.0,1.0
inst_3d04d3e3df47f2f9_203,"Each team played four, 25-minute runtime games with referees and scorekeeping. Spectra Signs took the trophy home after a great game against the 3M team. “For the first-ever hockey tournament, it was a super success,” said Matthew Lavery of Spectra Signs.",1.0,1.0,2.0,2.0,2.0,3.0,2.0,1.0,1.0
inst_3ffcf6db3118b733_63,"If a project is going to work across disciplines you have to get rid of some of these hierarchies, otherwise you’re dismissing too much stuff. ART.ZIP: In an interview you gave while at the Science Museum, we are interested in the way you described art as a having the potential to shed a critical light onto technology, how would you negotiate that relationship, in the context of a large institution such as the Science Museum, between art as on the one hand a tool to render technology accessible and yet being critical of it? Hannah: I wouldn’t use the term tool, because it makes the art sound utilised or used.",2.0,1.0,5.0,1.0,3.0,1.0,1.0,2.0,1.0
inst_416c8d85ac918fa0_25,"Elneny asks Holding:
“What happened with Auba yesterday?"" Holding replies to the Egyptian:
""He want to Paris yesterday then came home and the boss wanted him back…”
Elneny then shows his surprise at Aubameyang's timing, asking:
""One day before?”
Holding then explains the situation in depth:
""Yeah one day before and he came back the next day and then was late for training. He had permission to go there, because it was something to do with his mum – he had to go see his mum – but then he didn’t get back in time, didn’t listen to him [Arteta] and do the correct thing.""",1.0,1.0,2.0,2.0,2.0,1.0,1.0,2.0,1.0
inst_429de88dc4467b7b_235,"Home > Reality Tv > Taylor Armstrong
'RHOBH' Alum Taylor Armstrong Says She Was An 'Emotional Mess' Following Late Ex-Husband Russell Armstrong's Suicide
Taylor Armstrong has opened up like never before about the aftermath of her late ex-husband Russell Armstrong's 2011 suicide. While appearing on David Yontef's ""Behind The Velvet Rope"" podcast, The Real Housewives of Beverly Hills alum revealed she was an ""emotional mess"" following the tragedy. Taylor filed for divorce from her husband of six years a month before the businessman passed, citing in court documents alleged physical and verbal abuse.",1.0,2.0,1.0,2.0,3.0,1.0,3.0,1.0,1.0
inst_437fe75016be7908_220,"One of its main purposes is to clarify and explore philosophical challenges in daily life. Typically a philosophical dialogue concerns issues about difficult choices and changes in life, moral issues, dilemmaes, anxiety or grief. Services Marianne Vahl offer:
Philosophical dialogues: One to one consultations on a chosen topic of the guest.",1.0,1.0,1.0,1.0,1.0,1.0,1.0,1.0,1.0
inst_441b413421c9465d_229,"As for the emotions I can relate to your being down. However please remember that I did not expect to survive 1 year let alone 5 and still here 8 year later, having a recurrence of it in my lung and further treatment. Even though it may be hard at times do try to be tolerant, many times it is easy to just look on the bad side because of our situation.",5.0,5.0,4.0,3.0,2.0,2.0,2.0,1.0,1.0
inst_442b1e2fdb08ebf0_44,"One of the highlights in Kuhn’s history during this period was the restoration of the organ in Berne cathedral in 1930. Here, pneumatic stop channel chests were abandoned for the first time ever: the pipework stood on tried-and-tested slider chests. Kuhn never abandoned its leaning towards the Romantic, keeping it alive at a time when demand was almost exclusively for neo-Baro-que organs.",1.0,1.0,1.0,2.0,2.0,2.0,3.0,3.0,1.0
inst_446b36f63314c889_307,Three people in New Jersey were arrested on charges of running a prostitution ring at a senior citizen housing complex. Workers at the complex became suspicious when they heard a man yelling Bingo! and it wasnt Bingo Night. A restaurant in San Francisco called Bacon Bacon has been ordered to close after neighbors complained about the overwhelming smell of bacon.,1.0,1.0,2.0,2.0,2.0,3.0,1.0,4.0,3.0
inst_450e29d735279ba8_117,"He taught me how to fight which was a good deed he done. Unfortunately I didn’t learn, he was faster than me and he used belts and sticks and the worst is his hands, mfkr has a had of a bear. Anyways I would say now I’m 21 yo that if he was there for my whole life maybe economically I would be living better.",3.0,2.0,3.0,2.0,3.0,3.0,2.0,1.0,2.0
inst_45a213c096d00f81_72,"As the world No. 179, and as a qualifier, she won a $100,000 tournament in Poitiers, defeating Anna Lapushchenkova. It was her first singles title since 2003 and the biggest tournament win in her career. She won an ITF doubles title in Rome, and finished No.",1.0,1.0,1.0,2.0,2.0,2.0,3.0,3.0,1.0
inst_46119d38c47e8014_289,"We really had a high volume of online donations this year,” said Justin Inskeep, Senior Vice President of Strategy and Development for YMCA of Memphis and the Mid-South. Tameka Stewart is a teacher and parent at Gardenview. She says she sees the need for supplies on both sides.",1.0,1.0,2.0,1.0,1.0,2.0,2.0,3.0,1.0
inst_467eb59713414a17_79,"The bear was later observed eating trash from surrounding businesses, and was spotted roaming through subdivisions near Ga. 9, before it was reportedly struck by a vehicle near Avalon. The bear may have been injured but was not killed. It fled into nearby woods.",1.0,1.0,1.0,3.0,2.0,3.0,2.0,4.0,1.0
inst_46b826a1a81f5a11_46,"An employee was able to use a fire extinguisher to put out the fire but noticed several “burnt pages from a book” inside the engine compartment of the vehicle, WJAC reported from court documents. Police said burnt pages were found in the parking lot, apparently from a book titled “Wicca Book of Spells.”
Witnesses told investigators that Malzi “was believed to be practicing witchcraft,” WJAC reported. She had left the scene before police arrived, the Tribune-Democrat reported.",1.0,1.0,1.0,2.0,2.0,3.0,1.0,2.0,1.0
inst_46d9aa68fca5d269_11,"Love to your family! Our love to you and your family! You belong to one of the great families of all time. 😊 The Beazer family in Utah loves you! I am so sorry for your loss! Sis. Beazer, I will miss your husband as my friend & Home Teacher.",,,,,,,,,
inst_4c7faa8fbd069a10_31,"Hermie will be disappointed if you don't.' So they went up to the little patchwork house together. It was not to a very tempting repast the bell had summoned them. Hermie, no longer able to order macaroons and whitebait and tinned
oysters to make delicacies with, had, childlike, lost interest in the
culinary department of the house.",3.0,2.0,3.0,3.0,2.0,4.0,1.0,3.0,2.0
inst_4c8eabde628020e4_237,"as an organization, one of our priorities remains to change the global narrative by identifying young people who have defied all limitations to impact the lives of others. “ on the start of this journey, we would never have imagined we ’ d meet real life superheroes in different ends of nigeria — from kawthar in ibadan to joy in enugu or temioluwa in ikorodu, these young people are truly gems in the rough who have made indelible footprints in the sands of time. ” the seven young nigerians include kawthar monisola, 25, a girl, a lawyer and a barber who pioneered the project secure pvc : a grassroot pvc sensitization project that got 2500 people across 5 states in south - western nigeria registered for their pvc. balikis oyinkansola sanni, 17, esther remilekun odekunle, 17, and isaac joseph, 19, the trio transforming education in",2.0,2.0,3.0,2.0,1.0,3.0,2.0,5.0,1.0
inst_4cd4e0232341d449_28,"The mind works in pretty interesting ways. Sometimes just putting what seems like a complicated problem into words is all that’s needed. Very quickly, the solution became crystal clear. Speaking less, listening more and asking a few clarifying questions turned out to be the best thing I could’ve done.",2.0,1.0,5.0,3.0,2.0,1.0,1.0,1.0,1.0
inst_4d170868672e1622_255,"It marked the fourth death at the nonprofit’s flagship campus on Pacific Highway this year. By this time, the institution’s Chief Operating Officer had resigned and it was struggling to comply with the county’s Corrective Action Notice, the statement says. Officials visited the rehab center again, on July 28 and 29, and conducted extensive interviews with clients.",1.0,1.0,1.0,3.0,3.0,2.0,3.0,3.0,1.0
inst_4dca67b30c7cf067_35,"These gummies taste great, and contain a greater amount of vitamins and minerals than many others I researched. Switched to this vitamin supplement a while back then ran out and bought another gummy. The Hero label has less sugar in it and so just signed up 4 subscription.",3.0,2.0,4.0,3.0,1.0,2.0,1.0,1.0,2.0
inst_4e91e550fcf0cd71_150,"Another NCP spokesperson Clyde Crasto took a dig at the NDA constituent through his cartoon. In the cartoon, a man with the BJP's poll symbol 'lotus' in place of his head can be seen running away from a question mark. ""No Question Hour in parliament.",1.0,1.0,1.0,1.0,2.0,3.0,1.0,2.0,2.0
inst_5024072dfddf4553_266,"In a release, Decatur Police said on Dec. 30 an arrest warrant was issued for Jatrevius O. Jarret, 18, for shooting Eferm O. Jones to death on Christmas Eve. On Dec. 31, police located Jarret at 12:15 p.m. in Springfield. He is currently in the Sangamon County Jail with a bond set at $1.5 million.",1.0,1.0,1.0,3.0,4.0,3.0,5.0,5.0,1.0
inst_516bd5e713df7d94_309,"Phelps, Mavis
Mavis Walters Phelps, 89, died December, 29, 2021 at Rosewood Assisted Living in Tupelo, Ms., where she had been a resident for the three years. A graveside service celebrating her life will be held at 1:30 PM Tuesday, January 4, 2022 at Magnolia Cemetery in Magnolia, Mississippi. Visitation will be 30 minutes before the service and afterwards.",1.0,1.0,1.0,3.0,1.0,2.0,4.0,4.0,1.0
inst_519b7f1cdf0c6336_121,"Left: Daniel Craig, 53, photographed for GQ magazine. Right: Robert Crampton, 57, after his transformation
LACHLAN BAILEY/ART PARTNER, MARK HARRISON FOR THE TIMES MAGAZINE
The first time Simon Waterson saw Daniel Craig, 16 years ago, on the set of The Invasion in Washington DC, the man who would be Bond had a bacon sandwich in one hand and a roll-up in the other. Despite Craig’s unpromising consumption choices, he was, Waterson recalls with rather more subtle diplomacy than that traditionally employed by Ian Fleming’s iconic spy, “not classically unfit.",3.0,1.0,2.0,3.0,1.0,3.0,4.0,4.0,2.0
inst_52253f0612032f5e_321,"Bolden also spoke to Patriots media Thursday, where he revealed he was unsure he would be able to play in the NFL following the surgery. ""I did not think I was going to be able to play another down,"" Bolden said. ""And here I am going on four years later after having surgery.",4.0,2.0,5.0,4.0,2.0,2.0,3.0,1.0,1.0
inst_528bf216d87bb023_104,We got our things in a hurry to leave and go to her place. As we were backing out of his driveway I could hear him yelling at my younger brother calling him a pussy for leaving. Then he threw a cinder block at the windshield and ran in front of the car.,4.0,2.0,2.0,4.0,5.0,4.0,1.0,3.0,3.0
inst_53e853eea652cd33_310,"I dashed to the window, alarming our hosts no doubt, to nearly squee in delight at the sight. Bear seemed nonchalant, saying that they showed up often in Maryland, his home state. Regardless, I’m still excited that I got to see one.",4.0,4.0,3.0,3.0,2.0,3.0,1.0,2.0,2.0
inst_53f5cabec96717fe_158,"But I have known for five years that I would be reading here. So I went up there and just started. It is long, 10 minutes. Very long. Ten minutes can last an eternity. I was fortunate I did not have to read any names of people who are a part of my research.",4.0,2.0,4.0,2.0,1.0,1.0,2.0,1.0,1.0
inst_549fa1b6ad4dadb0_17,"He wrote, “10 years .. ! April 17, 2008, a few words went out to the world of the airs .. and in the waves of connection some of them carried a recognise of them and sent some sentiments back .. and the next and the next and the next ..and 10 years went by .. I knew no one .. and neither did any of you .. and then we all came to know each other and built a home .. the warmest and most hospitable in the entire world .... does 10 years need celebration .. why 10 why not 11 or many more or other ..",5.0,4.0,4.0,5.0,1.0,1.0,5.0,1.0,1.0
inst_54f6df0e9fa479cf_131,"Mohring made many mistakes. He tacted, gambled and gambled away trust. According to the MDR, his parliamentary group colleagues are said to have complained of ""uncoordinated solo efforts"", ""lack of involvement"" and ""deliberate deception"".",1.0,1.0,2.0,2.0,2.0,1.0,1.0,1.0,1.0
inst_566c0e9b788bc56a_294,"So me in every sense! WOW .. it almost defines me.. the thing not for me is ""tendency to over eating"" .. I believe diamond is stone for aries and amethyst is April...but yes I am an april turd baby !",,,,,,,,,
inst_56ec4afd774dd854_304,"I remember my first pair of skinny jeans tragically. Maybe because they were. At 12 years old, I convinced my mom to get me a pair because I was tired of the bootcut and bell-bottom styles she’d always buy me.",4.0,2.0,3.0,2.0,2.0,2.0,2.0,1.0,1.0
inst_571c768744aa97c6_288,"After moving to the UK to further my studies, I decided to take the opportunity to travel around and to pursue a medium of photography that I had been longing to do; film photography. So, this blog was the perfect place to start documenting my journey, aside from Instagram. Over time, the blog became more than just a photography blog and it gradually evolved into a lifestyle and travel blog where you can find scopes of interest ranging from foliage and interior design to gatherings as well as from gastronomy to fashion (although, if I may add, very occasionally for the latter).",3.0,2.0,3.0,4.0,1.0,2.0,2.0,2.0,1.0
inst_57209f61c01cac55_149,"I like blonde hair, green eyes. text3612379292 | 51 opinions shared on Dating topic. Yes they do and a lot actually. Home > Dating > No but seriously, do looks matter?",2.0,1.0,2.0,1.0,1.0,2.0,1.0,1.0,1.0
inst_5853aeb84e876e8f_270,"Apple Card’s rapid growth and the new platform built by Goldman Sachs to service it created difficulties that attracted regulators who are focused on customer complaints from the past few years, CNBC reports citing “people with knowledge of the matter.”
Hugh Son for CNBC:
When an Apple Card user disputes a transaction, Goldman has to seek a resolution within regulatory-mandated timelines, and it sometimes failed at that, said the people, who requested anonymity to speak candidly about the situation…
Goldman got more disputes than it counted on, said one source. “You have these queues that you need to clear out within a certain amount of time. The business was getting so big, suddenly we had to create more automation to deal with it.”
Problems at Goldman’s card business burst into public view August 4, when the New York-based investment bank disclosed a Consumer Financial Protection Bureau probe over a range of billing and service issues.",1.0,1.0,1.0,2.0,3.0,1.0,2.0,1.0,1.0
inst_5853aeb84e876e8f_94,"Apple Card’s rapid growth and the new platform built by Goldman Sachs to service it created difficulties that attracted regulators who are focused on customer complaints from the past few years, CNBC reports citing “people with knowledge of the matter.”
Hugh Son for CNBC:
When an Apple Card user disputes a transaction, Goldman has to seek a resolution within regulatory-mandated timelines, and it sometimes failed at that, said the people, who requested anonymity to speak candidly about the situation…
Goldman got more disputes than it counted on, said one source. “You have these queues that you need to clear out within a certain amount of time. The business was getting so big, suddenly we had to create more automation to deal with it.”
Problems at Goldman’s card business burst into public view August 4, when the New York-based investment bank disclosed a Consumer Financial Protection Bureau probe over a range of billing and service issues.",1.0,1.0,1.0,2.0,3.0,1.0,2.0,2.0,1.0
inst_5935d489f872f4f4_86,"Everyone’s been raving about them both, they were completely influenced purchases, I was bored of my foundation, I wanted my makeup to last all day and I wanted to review them on here. See, lots of reasons for these bad lads. The outfit I’d ordered myself for my first day at ASOS hadn’t arrived in time, so I just happened to be in New Look the day before and thought this would look great with printed tees or strappy tops in the summer.",4.0,2.0,4.0,1.0,1.0,3.0,2.0,2.0,1.0
inst_594dd1b5bea60612_236,"R. Olshansky, et al., ""Differential Mode Attenuation Measurements in Graded-Index Fibers"", Applied Optics, vol. 17, No. 11, Jun. 1978, pp. 1830-1835. W. A. Gambling et al., ""Pulse Dispersion in Glass Fibres"", Electronics Letters, Sep. 9, 1971, vol.",1.0,1.0,1.0,1.0,1.0,1.0,1.0,1.0,1.0
inst_5964ecd44f746ef1_204,"He’s throwing fewer sinkers and change-ups while ramping up his curve and four-seam fastball usage percentages. So far, so good. Josh Hader, SD — At this point of the season, adjusting Hader down slightly in the rankings makes sense.",1.0,1.0,2.0,3.0,1.0,2.0,2.0,2.0,1.0
inst_5a19d0099f0c3f3a_259,"As it goes on, this academic suspense story also changes shape, mutating into something closer to Agatha Christie’s “Murder in Mesopotamia” after Tessa flees Oxford and attaches herself to an archaeological dig at Isola Sacra near Rome. There, working largely in solitude in an eerie necropolis, Tessa makes a spectacular discovery that just might reverse the power dynamics between her and her grasping mentor. Prins’s evocative writing style makes “The Latinist” more than just a diverting contrivance.",2.0,2.0,2.0,3.0,4.0,3.0,1.0,5.0,2.0
inst_5a2de0ed8b69fbf6_278,"For overcoming different forms of injustice that was imposed upon you two, back home, through misogyny; the lack of support and constant demand to restrain from showing emotions while having to push forward. PS&DM What could plunge you into the deepest misery? DL The abandonment of magic.",2.0,2.0,2.0,2.0,3.0,1.0,1.0,1.0,1.0
inst_5c8e9854b68010df_114,"Introduction: the embeddedness of property C. M. Hann
2. 'Sharing is not a form of exchange': an analysis of property-sharing in immediate-return hunter-gatherer societies James Woodburn
3. Property as a way of knowing on Evenki lands in Arctic Siberia David G. Anderson
4.",1.0,1.0,1.0,1.0,1.0,1.0,1.0,1.0,1.0
inst_5cd2e6760b2b2f62_168,"They also have a Casino that only runs backwards, which was fun. The weirdest flat at this park is a little thing called the Space Odyssey. It is in a small, dome like building, and reminds me of a slow Music Express. The cars are shaped like little rockets, and only fit one person.",3.0,2.0,2.0,1.0,1.0,4.0,1.0,2.0,2.0
inst_5d9ca942b9a5edee_49,"I noticed this change because it was different from what I normally see on my newsfeed. As it turns out, of course, my friend was moving and used my computer to browse new furniture. This is a solid example of real-time bidding.",3.0,1.0,3.0,3.0,1.0,2.0,1.0,1.0,1.0
inst_5f6adc39a447d5e6_297,"Almost 20 people die every day while waiting for an organ transplant. For patients in need of intestinal transplants, the wait is even more agonizing because countless healthy intestines are discarded due to the difficulty of transporting them. To solve...
Yale has been awarded a $1.2 million education grant by the Howard Hughes Medical Institute (HHMI) to improve math and science experiences for freshmen and sophomores.During the first two years of college, students pursuing a degree or career in science,...",1.0,1.0,1.0,1.0,1.0,3.0,1.0,3.0,1.0
inst_5fcae015b0d5a449_218,"Check worldwide Netflix availability! An amnesiac teen is taken in by a family who helps him try to figure out who he is, where he came from and why he has mysterious powers. He's a 16-years old without language, memories, or a navel.",1.0,1.0,2.0,1.0,1.0,1.0,1.0,1.0,1.0
inst_6007a7a4330659b3_161,"They bond over their love of books, but their budding romance is not without challenges. Between their differences in social background, wealth and secrets, there also lies someone who is out to destroy Levi to eliminate competition for Eden. The town Sherriff turns out to be a bit of a bully.",1.0,1.0,1.0,2.0,4.0,1.0,1.0,2.0,1.0
inst_607692e4948390c6_188,"In March 2018, the ECP formed the Scrutiny Committee to scrutinise the funds of PTI and to submit its report in a month but the committee failed to furnish its report within the given timeline. The ECP on November 21, 2019, decided to accept the request of opposition parties to conduct on daily basis the hearing of the Foreign Funding Case related to PTI. The ruling party also requested the ECP that the Foreign Funding case related to PML-N and PPP should also be heard by the ECP.",1.0,1.0,1.0,1.0,1.0,1.0,4.0,1.0,1.0
inst_6109d59cffce2aab_305,"Community Advisory Committee Minutes – December 12, 2016. City Council Rep – No one has been appointed at this time. 2. November minutes – Peter moved to approve, Jean seconded; Approved 5-0-0. 3. Chair Report: Glen Torio has been reassigned to concentrate on the El Cajon BID effective January, 2017.",1.0,1.0,1.0,1.0,1.0,1.0,4.0,2.0,1.0
inst_6113d0f7a648118f_228,"After three seasons with the PCL Hollywood Stars, Kimball was hired by the Boston Braves in 1947 to manage their new Class D club, the Las Vegas Wranglers. The club finished third in the six-team Sunset League, and Kimball (despite a 14–5 record on the mound and a .361 batting average), was let go as both player and manager at season's end. Taking a liking to Las Vegas, he stayed in town and took over the helm for the 1951 Wranglers, now playing in the Southwest International League.",1.0,1.0,1.0,3.0,2.0,2.0,4.0,3.0,1.0
inst_6416f1e3147b13cb_37,"Murad Ali Shah, the Sindh Chief Minister was informed about this development during a coronavirus task force meeting in Karachi. Shah congratulated the family of COVID-19 patient and said that it is a great victory. This young patient contracted the virus in Qum, Iran back on 26th February.",1.0,1.0,1.0,2.0,1.0,2.0,4.0,4.0,1.0
inst_64c54af987cfaf7e_221,"Start Date: Mar-15-2020
End Date: Apr-01-2020
uber
Start Date: Mar-15-2020
End Date: Apr-01-2020
Start Date: Mar-01-2020
End Date: Apr-01-2020
Start Date: Mar-26-2020
End Date: Apr-17-2020
Start Date: Mar-20-2020
End Date: Apr-15-2020
Start Date: Mar-16-2020
End Date: Apr-06-2020
Start Date: Mar-10-2020
End Date: Mar-31-2020",1.0,1.0,1.0,1.0,1.0,1.0,5.0,1.0,1.0
inst_6700590df6d947d2_130,"Wheeler Parker, Jr., Emmett Till's cousin and the last living witness to Till's 1955 abduction, said Tuesday's news is unfortunate, but predictable. The Justice Department then reopened the investigation after a 2017 book quoted Donham as saying she lied when she claimed that Till grabbed her, whistled and made sexual advances toward her. Relatives have publicly denied that Donham recanted her allegations about Till.",1.0,1.0,2.0,1.0,2.0,1.0,4.0,1.0,1.0
inst_6860b63ef9a27f75_295,[Investigating] The application scheduling the sending of the SMS Campaign was broken during this time range. Emails and transactional SMS were not impacted. [Resolved] We identified and fixed issue. [Investigating] We are observing delay in transactional email sending.,1.0,1.0,1.0,1.0,1.0,1.0,1.0,1.0,1.0
inst_6868b94757dc27a0_318,"My father wrote that this was the recently completed Toronto City Hall. It was considered an innovative structure at the time and had won international acclaim. It is amusing to note that what impressed my father most about this amazing building, were the three levels of underground parking!",2.0,1.0,2.0,1.0,1.0,2.0,1.0,4.0,1.0
inst_68763b7e9925ac57_163,"I just ended up one of the most important relationship of my entire life. I just discovered that love is not enough to have success in a relationship. No matter how much I loved him, due to his own insecurities he was unfaithful to me and due to his drug addiction I saw him experiencing two psychotic attacks that destroyed my heart and fill me of fear.",5.0,5.0,5.0,4.0,5.0,1.0,2.0,1.0,1.0
inst_6939bf2896a61238_74,"Almost immediately, tsunami warnings blared, urging residents along Japan’s coast to quickly proceed to higher ground. For another a long time, residents watched in stunned horror as some massive waves slammed in to the coast, inundating entire towns and sweeping over the countryside, laying waste to everything in its path. Throughout, amateur videographers, news crews, government agencies, tourists, and countless others were recording the sights and sounds of this unfolding catastrophe.",2.0,2.0,1.0,5.0,4.0,3.0,1.0,4.0,2.0
inst_6acaa958ea22f71b_40,"""Yes. I hope you have concluded to reopen the gate, and let things
remain as they have been, at least for the present. These offensive
measures only provoke anger, and never do any good."" Bolton shook his
head. ""He has no right to trespass on my premises,"" said he, sternly.",2.0,2.0,2.0,1.0,4.0,2.0,1.0,2.0,1.0
inst_6b531a64f8a47151_178,"I do what the instructions say...I rinse my sushi rice till the water is clear, I soak the rice for 30 minutes, I bring the rice and water to a boil, cook on low for 20 minutes and what I get could be used as wall paper paste. What am I doing wrong? Browse other questions tagged sushi sticky-rice or ask your own question.",2.0,1.0,2.0,2.0,2.0,3.0,1.0,1.0,1.0
inst_6ba8bdea60b7b2e5_128,"Alfred Dreyfus came from Alsace too, from Mulhouse, right down the road from Colmar. He was accused of being born with double disloyalty: a German sympathizer by location, by heritage an alien Jew. I visited Colmar once, just to see the place.",3.0,1.0,2.0,1.0,3.0,2.0,1.0,5.0,1.0
inst_6c503c5f86a22a07_224,The dog kept barking at me and no owner ever came out. The dog left after maybe 10 seconds of me yelling for the owner to call their dog but I never saw or heard anyone. I went back to the house 10 minutes later to explain what happened and for them to promise to keep it fenced or leashed.,2.0,1.0,1.0,1.0,3.0,2.0,1.0,1.0,2.0
inst_6c7825dfe54c0d40_67,"History of pelvic surgery, Chlamydial infection, endometriosis, chemotherapy, long-term health problems and obesity were associated with infertility. In comparison with a similar survey of women aged 46-50 from the same geographical area, the prevalence of both primary infertility (>24 months) [70/1081, (6.5%) versus 68/710 (9.6%) P = 0.02] and secondary infertility [29/1081 (2.7%) versus 40/710 (5.6%) P = 0.002] were significantly lower. CONCLUSIONS: Nearly one in five women attempting conception sampled in this study experienced infertility, although over half of them eventually conceived.",1.0,1.0,1.0,1.0,1.0,1.0,1.0,1.0,1.0
inst_6e13d16ffe1210ec_238,"It’s on the kind of road you’d walk past 100 times and not even realise there’s anything down there, even if you did walk down the street, there’s nothing about the place that screams “culinary delights”. The glass fronted cafe has an industrial interior, but it’s neither cold, nor unwelcoming and I was left with the overall impression of simple, modern decor. Unassuming is the word I’d settle on.",4.0,2.0,3.0,2.0,1.0,3.0,1.0,3.0,3.0
inst_6e24a105e2abe6ab_165,"High resolution, low distortion, high performance lenses. Variable magnifications by a simple one-touch operation. Wide selectable magnification range: 0.2X - 9.0X. Suitable for surfaces assembly, machines inspection for LCD or WAFER.",,,,,,,,,
inst_6edaaa1fbe5a941f_272,"Secretary of State Mike Pompeo’s blowup at NPR host Mary Louise Kelly was not an isolated, out-of-character moment or a particular surprise for those who have worked with Pompeo — or been on the receiving end of one of his blasts. Kelly’s Jan. 24 radio interview was going fine until she pressed Pompeo on whether he owed an apology to former ambassador Marie Yovanovitch, who was fired by President Trump from her post in Kyiv. Pompeo grew testy, “glared” at Kelly and left the room; he then summoned the reporter and “shouted” at her, using the “f-word,” she said.",2.0,2.0,2.0,3.0,5.0,2.0,4.0,3.0,2.0
inst_6ef621ec4bfa2cfd_16,"All in all, this is a really enjoyable workshop...well done Pauline. ""It gave me time to focus on what really matters and what I would like to change in my life. Your energy and enthusiasm is infectious and inspiring""
"" I really enjoyed my Vision Board Workshop with Pauline.",4.0,4.0,3.0,1.0,1.0,1.0,1.0,1.0,1.0
inst_6f43cfb19249ec82_113,"Purr-fect! Hitchhiking kitty reunited with its owner in Peoria
A 9-month-old kitty named Cypress has been reunited with its owner after hitchhiking from Tempe to Peoria. PHOENIX — When Ally D'Amore parked her car at work, she heard the sound of purring underneath her car, but her key was no longer in the ignition.",1.0,1.0,1.0,2.0,1.0,3.0,1.0,4.0,3.0
inst_70bab2c7b0251233_103,and salt to taste in a bowl. Chill. place the onion and garlic in a food processor or blender and mince. Add the chicken and blend until smooth. Add 1 or 2 T. cold water and blend to a smooth paste. Serve hot or at room temperature with minted yogurt for dipping.,1.0,1.0,1.0,1.0,1.0,5.0,1.0,1.0,2.0
inst_70fc33a90a7957bf_186,"😀 I like how nice and clean my skin feels thereafter. Have you tried other micellar waters, Angela? Waaaaaa. I bought mine at Sasa Tropicana City Mall two months ago at RM100 for a 400ml size 😀 It’s as good as Collistar’s Cleansing Water 😀 Love it!",3.0,3.0,2.0,2.0,1.0,3.0,2.0,4.0,3.0
inst_7118e93f880d2788_339,"History in the Making – GM sold a group of cars from their private collection that were never available before. A 1989 Corvette ZR-1 Coupe “Snake Skinner II” sold for $160k! From a communication perspective, my BlackBerry was indispensible.",1.0,1.0,1.0,1.0,1.0,3.0,2.0,1.0,1.0
inst_720e6de1517ba660_264,"The game played on an infinite loop as intended, and the potentiometers controlled the speed of the motors as intended. An early-stage Maya render from our prototype got us excited about the aesthetics and allowed us to further visualize the project in three dimensions. The view of the intended interaction.",1.0,1.0,1.0,1.0,1.0,2.0,1.0,1.0,1.0
inst_7223e194ee8bfed5_263,We ran and walked off and on: 1 km in 10 minutes! Both of them love running so I’m excited to see where that might take them throughout their lives! Runners – have you run yet this year? What was your first run?,3.0,3.0,3.0,2.0,1.0,2.0,2.0,1.0,1.0
inst_722f3f9c46054e51_51,"Here, she plans to send Nyarlko through basic training for one month in order to make Nyarlko a proper magic girl, demanding that Nyarlko say “Hanyaan” to start and complete every sentence. With that, the group leave Luhy to her work. When she later emerges with Nyarlko, it does appear she’s got a different personality, with a bit of evil on the side.",2.0,1.0,4.0,4.0,1.0,2.0,2.0,1.0,1.0
inst_72c4294c24499fd2_292,"The Hochsteg chapel in the Hochsteg district: This chapel is a private chapel constructed around 1880-1890. Ancestors of the Hotter family built it on a vow (recovery after a serious accident). On the altar of the Virgin Mary, the grotto of Lourdes was designed with a lot of love and details, which is filled with a wonderful Madonna.",1.0,2.0,1.0,1.0,1.0,3.0,4.0,3.0,1.0
inst_72cc4f911569c2a2_20,cvCalcOpticalFlowFarneback movement detection.,1.0,1.0,1.0,1.0,1.0,2.0,1.0,1.0,1.0
inst_72d9bdcb8ce43aa6_326,"And more than that, it appears that this chemical actually helps “reset” the brain. Wow! It’s been a great time here for the birds. The floodwaters washed fish into areas where they wouldn’t ordinarily be found, such as retention ponds and catchment basins, and when the waters receded, the fish remained.",2.0,2.0,1.0,3.0,1.0,3.0,2.0,2.0,1.0
inst_73495e45e620d42c_247,"I do think this has to be the first cube that doesn't just suck, that I've drawn free hand in a long, long, long time. While it was on sale over Cyber Monday, I bought a copy of SketchBook Pro from the Android Market. Can't say that I have any skill left at drawing, if I ever did really.",5.0,2.0,5.0,2.0,2.0,2.0,4.0,1.0,1.0
inst_74902e755a715ea2_298,"For this particular character we choose to utilize the
Facebreaker unique Gloves in combination with
Rigwald's Curse in order to build up great Critical Chance while being Unarmed. Abyssus provides an immense amount of offensive power and its downside is mitigated by the vast amount of damage mitigation we accumulate in different ways. The Champion’s Master of Metal provides a flat amount of Physical damage added to Attacks per Impale stack, which translates into tons of free damage when using the Facebreaker gloves.",1.0,1.0,1.0,1.0,1.0,1.0,1.0,1.0,1.0
inst_763b61e83c9d3f37_273,"Until he accepted that he had a disease he could not get sober. In the last two years of his drinking, he drank and smoked cigarettes alone in his bathroom til his wife or kids knocked on the door. He weaves his history in with his understanding of the program, his defects of character and the solution - a design for living and a God of his understanding.",3.0,1.0,3.0,3.0,2.0,3.0,1.0,2.0,1.0
inst_76f7963e393b4449_325,"Other than making sure they get enough activity / stimulation and being realistic about the temperatures in the van and keeping your pup safe, I don't think they tend to mind at all. Our dog hopped right in on day one, and was mostly curious that we hadn't returned home after a day or two. Then he was a natural, jumps right into his seat and gets buckled in as soon as it's time for a cruise, loves being tucked away with us, and gets probably more activity than he did on average when we were living in the city even after accounting for his zoomy stair laps up and down the floors of our house haha.",4.0,3.0,4.0,4.0,1.0,3.0,2.0,2.0,2.0
inst_77d9ed8890360906_118,"It’s more attention than she ever got from me when I was TBM. I was too busy in “high callings” to pay much attention to her. Studying and trying to apply Eckhart Tolle’s teaching (especially, about the “pain body”) has made a huge difference in how I handle the religious dissonance.",4.0,2.0,4.0,4.0,3.0,1.0,2.0,1.0,1.0
inst_78b276fc3e3e0e29_110,"Located along what is now Broad Street, it became one of the centers of Cherokee Nation settlement, which also extended into Georgia and Alabama. Their journey west became known as the "" Trail of Tears "" for their exile and fatalities along the way. PC 1 March Ronald J. PC 1 March Ruth C. Savakinas Beginnings and Endings: Pierson Could You Be Clearer?",1.0,1.0,1.0,2.0,2.0,2.0,2.0,3.0,1.0
inst_796ba40c2060f562_286,"Once in winter I saw an eagle attack
two kids that were feeding at a little distance from a big bunch of
perhaps a thousand antelope. At this time the young ones were seven
or eight months old, and so quite large and strong. The eagle had
been sitting somewhere on the hillside and flew down over the kids
to pounce on one of them.",2.0,1.0,1.0,2.0,4.0,4.0,3.0,2.0,2.0
inst_79bec65f81e12e4b_333,"I have myself tasted the bitterness of the law in
this land, and been very near being lodged in a loathsome jail at the
instance of a miscreant who had it in his power to demand my presence
before a bribe-gorged judge. I only escaped paying heavy toll or
hateful imprisonment by my friends obtaining the removal of the judge. The second was a gross attempt at extortion, from which I was saved by
accident.",4.0,2.0,1.0,3.0,5.0,2.0,1.0,1.0,1.0
inst_7a79a72a390f12a4_151,"He is done and cannot deny. They are coming--""

The officer now raised his voice for help, and the corridors drummed
with hurrying feet. *8*


Romney did not sleep during the rest of the night. They were slow about
taking the body of the little spy forth from the cell.",3.0,2.0,3.0,3.0,4.0,3.0,3.0,2.0,3.0
inst_7b55c253b9e2fadb_315,"The clock was ordered by him and brought via the ""Panama Route""
from New York, arriving in San Francisco on the steamer Panama. Mr. Austin occupied the ground floor as a retail dry goods establishment
and it was one of the first, if not the first, of any prominence in the
city. He afterwards moved to the southeast corner of Sutter and
Montgomery streets and continued there until 1869 when he was elected
city and county tax collector.",1.0,1.0,1.0,2.0,1.0,3.0,4.0,4.0,1.0
inst_7b6dab6ca8d44fe8_179,"He approached the carriage. An obsequious chamberlain drew aside the
leathern covering and opened the door, exclaiming as he did so, ""The
emperor!"" And then there leaped in the rain-soaked, mud-bespattered
being whose excesses had always been as unbridled as his genius.",2.0,1.0,1.0,1.0,1.0,4.0,1.0,2.0,2.0
inst_7b81f27dc636c32f_198,"Was fortunate to be in Edinburgh for a few days during the Edinburgh Festival a few years ago and saw several shows and visited several bars afterwards. After 4 exhausting days of queuing for tickets, queuing for performance and then queuing for a beverage afterwards in the crowded bars we decided that we needed to find somewhere a little out of the way where we could relax. Fortunately we came across the Halfway House, which is indeed up a backstreet halfway between the back door to Edinburgh Waverley Station and Cockburn Street.",3.0,2.0,3.0,2.0,2.0,3.0,3.0,4.0,2.0
inst_7c2766b3267cf82c_116,"Plastics, deforestation, transport, this time of year has a detrimental impact on our planet. To call attention to the suffering marine animals face due to overconsumption, Sea Shepherd and agency Braaxe decided to remake the classic game ‘Operation’. Introducing ‘Operation Ocean’, where players must save a dolphin threatened by ocean waste.",1.0,1.0,2.0,1.0,2.0,2.0,3.0,1.0,1.0
inst_7cad82d9b5774bbf_340,"Abortion is a right I feel must not go away, and I feel like people aren't mobilizing so much because it's so complicated and it's difficult to understand."" She also wrote about it for TIME in 2016, saying her mother mostly kept the abortion private from her, except to say it was ""awful and scary."" She wrote, ""We must never go back to the days when women like my mother were forced to put their lives at risk in order to plan their families, pursue their dreams, and chart the course of their own lives.""",3.0,2.0,4.0,2.0,3.0,1.0,3.0,1.0,1.0
inst_7d2f895b769077bf_191,"flatfoot
[ flat-foo t or for 1, -foo t ]
/ ˈflætˌfʊt or for 1, -ˈfʊt /
noun, plural flat·feet for 1, flat·foots for 2, flatfoot
Dictionary.com Unabridged Based on the Random House Unabridged Dictionary, © Random House, Inc. 2020
Example sentences from the Web for flatfoot
Out of twenty-four who thought they had rheumatism in the feet or legs eighteen proved to be cases of flatfoot. There was no need to measure them particularly; all they needed was an ordinary set of flatfoot braces. Before the benevolent physician could reach her, the Flatfoot had taken her in tow, and both were rapidly leaving him.",1.0,1.0,1.0,1.0,1.0,2.0,1.0,1.0,1.0
inst_7e16cdae8f250537_268,You may be able to enjoy them again in the future (no idea how long) as you may evolve psychologically into a mentality that enjoys that certain thrill again. I turned off of mdma for a good 7 years as the comedown became worse than the high. But tried again recently and its aight.,3.0,2.0,3.0,4.0,3.0,1.0,2.0,1.0,1.0
inst_82f12452e80ca494_53,"Ridiculed by way of the click for ""cowardice"" and the truth that no conspirators have been charged, Lincoln could by no means cover from the general public back. 4 years later, while he sat unprotected within the balcony of Ford's Theatre, the string of conspiracies opposed to his existence eventually succeeded. one of many nice presidential mysteries and lengthy a resource of fascination between Lincoln students, the Baltimore Plot hasn't ever been absolutely investigated in the past.",2.0,1.0,2.0,2.0,4.0,2.0,4.0,3.0,1.0
inst_832c2d5eb829ed5b_148,"He shot his indirect Havoc launchers into my Guardians and killed a couple, but I didn’t lose any to morale and that wrapped up his first turn. He didn’t score an Old Skool which was nice. His army was bearing down on me and I spent an incredibly long time figuring out what I should do.",4.0,2.0,3.0,2.0,4.0,3.0,2.0,2.0,1.0
inst_841f63ed8bba6227_226,"While at
Cearne, resting from the fatigues of her voyage, she was informed of
the defeat of the Lancastrians and the death of Warwick. Margaret had hitherto, through all perils and perplexities, been
sustained by her high spirit. She had won the reputation of being one
of the race of steel, who felt her soul brighten in danger, and who
never knew fear without such a feeling being succeeded by a blush at
having yielded to such weakness.",4.0,4.0,3.0,1.0,3.0,2.0,3.0,2.0,2.0
inst_842ce30e09c674f5_26,Also trying to find time recover a 60s dressing table stool which I bought in April at an antiques fair. My pride is making me do it as my OH says that I will never get round to it and I just love proving him wrong. I am photographing it as I go so that I can share it on here.,4.0,3.0,4.0,2.0,3.0,2.0,2.0,1.0,1.0
inst_8655b2f8748cc2d1_124,"In 1824 the city of Edinburgh commissioned this bronze statue of Lord Hopetoun, by Thomas Campbell, and originally designed as a centrepiece for Charlotte Square in 1829, but which was eventually placed in St Andrew Square in 1834, in front of Dundas House where he had acted as vice governor of the bank.",1.0,1.0,1.0,1.0,1.0,2.0,5.0,5.0,1.0
inst_874f6ba0aa0e72b9_213,"Yagi reaches forward with both arms, pulling Shouta in for a quick, gentle hug. He doesn’t have an answer, so he doesn’t say anything. Yagi understands. With a bright smile and a wave, he leaves to teach his next class.",2.0,2.0,2.0,1.0,1.0,3.0,2.0,2.0,2.0
inst_87e339c0a4325efe_13,"Thank you, memory was the answer. I always forget that AOL webmail keeps creaping up to the memory usage if leave you it open and it will start to crawl up to 300 KB, so that 8 million of other things, I usually have running until my computer comes to a crawl and reminds me that I need to close my IE with AOL sessions. In any case, after closing, I was able to open both flash and Dreamweaver.",3.0,1.0,3.0,3.0,2.0,2.0,1.0,1.0,1.0
inst_89008fe17728aaef_195,Sonia Kang creates sustainable jewellery and accessories for COVEN. SDTC: How did you get started creating? Sonia Kang: With jewellery and accessories I started around a year and a half ago. I have always been creative but my initial outlets were painting and clothing design when I was younger.,3.0,1.0,2.0,2.0,1.0,2.0,2.0,1.0,1.0
inst_89480455822b2326_167,"I never could work out how they both got there on it complete with luggage. They scootered over from Hyde, in Cheshire. It is indeed a lovely area. Lovely timing, thank you. I have to head down that way next week and was going to make a short break of it rather than spending all day on the M6.",3.0,2.0,4.0,1.0,1.0,2.0,2.0,4.0,2.0
inst_8960084d6ce8b2ae_341,"Regular readers of the official site could be forgiven for arriving at 2:30 or not arriving at all. The game actually started at 2:00 and ended in a 4-0 win for the reds, in a performance as good as anything seen this season. Urged from the dressing room to show their ability and demonstrate that they like other teams could win games and score late goals through simple determination to be the better side; FC leapt out of the blocks and could have been four up in the first ten minutes.",1.0,1.0,2.0,2.0,2.0,3.0,4.0,2.0,1.0
inst_89b641974b1c609a_209,"Gloria: No mi amor, It was brave right Jay, brave. Permalink: She has a boyfriend. Ohh I'm sorry mi niÃ±o I gave her my he...
Gloria: We're very different, he's from the city, he has big big business and I come from a small village, very poor but very very beautiful.",1.0,2.0,2.0,1.0,2.0,2.0,1.0,2.0,1.0
inst_8a19f018aeb5cd85_0,"All our dishes are colourful, while also benefitting guests with many different and valuable flavonoids (phytonutrients), which provide amazing anti-oxidant and anti-inflammatory benefits. We promote a healthy attitude towards eating and serve measured portions which create a more mindful eating practice. With a fusion of international foods from macrobiotic, to Ayurveda to Mediterranean, to Asian, our epicurean journey will help you re-define wellness and good healthy lifestyle choices.",1.0,1.0,1.0,2.0,1.0,2.0,1.0,1.0,2.0
inst_8a73e439435ffe19_175,"I think you're dead wrong. He started off as a generic little kid, but as time went on his relationship with the family became one of the best parts of the show. The way he was constantly ignored by Hal and Lois, and then constantly tortured by the other kids, and his acceptance of this sad fate...it was brilliant.",3.0,2.0,4.0,4.0,3.0,1.0,1.0,1.0,1.0
inst_8ade2b0bf8d08377_254,"We had such a young team on the pitch at the end, but even then, the experienced lads need to help them get through it, they have to, and they just didn't. I'm really angry and frustrated because for 65 minutes, you could tell the fans were enjoying it, it was a no-game. The amount of chances we had.",4.0,5.0,3.0,2.0,3.0,2.0,2.0,2.0,2.0
inst_8b0fccac3d347995_302,"My legislation, SB568, would have ensured that these rebates went directly to patients to lower the costs of prescriptions, and not back into corporate pockets. Last night, my legislation, which had been rolled into another senate bill was killed by the Commerce and Labor committee, it did not pass. I am frustrated.",3.0,3.0,3.0,3.0,4.0,1.0,2.0,1.0,1.0
inst_8b34d14516121dab_76,when I was 13 I was playing soccer in PE and got tackled by a really lanky kid who knocked the inside of my leg just below the knee. The injury swelled a bit and then went completely numb for years (and my parents being exceptionally negligent never took me to the doctor). Slowly the feeling returned until there was a little dot that would shoot pain up to my finger tips if I pushed it like a button - I just checked and I still get a little tingle if I hit the right spot under my knee (and it’s still a tiny bit numb 20 years on),4.0,2.0,2.0,5.0,2.0,4.0,4.0,2.0,5.0
inst_8b651a45d12f8269_308,"He talks of the properties, pubs, grocers and other buildings the Reids owned in the market town. He talks about the influence of the landscape of the Boyne valley on her art. He takes us to the studio where Reid worked in her later years, and he ends his tour at the former technical school where the mayor of the town arranged to display her first solo show, which had originally opened in Dublin,",1.0,1.0,1.0,1.0,1.0,3.0,2.0,3.0,1.0
inst_8d02c2d58bd3f256_143,"In Louisville, health authorities advised residents to boil water after the city “changed its water distribution operations so that more water is available to fight fires”. “To do this, they had to switch to untreated water,” a release from the city and Colorado Department of Public Health & Environment said. Colorado Governor Jared Polis on Thursday declared a state of emergency as the fires raged, allowing access to disaster funds and resources, including the use of the National Guard.",,,,,,,,,
inst_8d8cac395805dd0a_317,"He was wearing the GPS bracelet because he was considered a high risk offender. Guess so! In Nashville, Tennessee two young thieves broke into a home and stole computer equipment, money, beer and a lawnmower. They also stole a video surveillance camera thinking that would eliminate the evidence.",1.0,1.0,2.0,2.0,2.0,4.0,1.0,3.0,1.0
inst_8f283d884eabb662_84,"Home/News/Even in the rain, locals and tourists already occupy Copacabana Beach to host 2022
Abhishek Pratap 4 mins ago News Comments Off on Even in the rain, locals and tourists already occupy Copacabana Beach to host 2022 0 Views
RIO — Even with rain forecast for New Year’s Eve, locals and tourists promise not to be discouraged, and many are already occupying the sands of Copacabana Beach this Friday amid requests for health, peace and an end to the pandemic. About 12 hours before the turn of the year, dozens of families decided to secure a good place to watch the fireworks display, with an estimated duration of 16 minutes. Coming from Minas Gerais this Thursday, a group of 14 people arrived at 6 am with styrofoam food and beverages.",1.0,1.0,2.0,1.0,1.0,2.0,4.0,4.0,1.0
inst_8f604ad174d7b388_314,"I'm storing this information in my brain, for sure. I had a hardcore essential oil phase, too! And I have a nice box collection of them, still. I use them in my diffuser, but there was a time when I was super into using them for skincare 😬 My whole routine was random AF, I can't even say what effect they're had 😂

It's so interesting to hear that your PD started because of a freaking *sunscreen*...",4.0,3.0,3.0,2.0,1.0,2.0,1.0,1.0,1.0
inst_9052b9ea8e5ee4a6_208,"After a year long battle with doctors & a lenghty hospital stay, Chy was diagnoised with ROHHAD Syndrome in Jan 2019. There are less than 150 cases in the world, and only 2 here in our home state of Louisiana. There is currently no cure and no real treatment other than a few clinical trials.",2.0,1.0,1.0,3.0,3.0,2.0,4.0,4.0,1.0
inst_905dd9283c0d00fd_223,"Next I covered one side of the heart with Mod Podge decoupage glue, using a small sponge paint brush, and laid the tissue on it, face down. This is the underside of the pendant; the front side of the tissue will show through the other side of the heart. You will have to work with the tissue a little while the glue is wet in order to remove any creases and air bubbles.",1.0,1.0,1.0,1.0,1.0,4.0,2.0,1.0,2.0
inst_914f0e14c64e6c76_344,"It didn’t start out that way for Bolus. After years working in the kitchens of some of Charleston’s and Nashville’s best restaurants, he finally got the chance to open his own spot for the first time at the original 404 Kitchen location, across the street from where he now works. Constructed in a repurposed shipping container attached to a luxury four-room boutique hotel, the dining room and kitchen at 404—1.0 were both tiny; so small that Bolus once joked that the only way he and his kitchen staff could make it work was, “thanks to olive oil and bicycle pants.” Still, that team of talented chefs created some remarkable food in those conditions, a menu of locally-sourced meats, seafood, and vegetables prepared with innovative techniques and bold flavors.",2.0,1.0,2.0,3.0,2.0,4.0,2.0,4.0,2.0
inst_916824553001c55d_274,"This was his original reason for moving to Fort Bragg. His special accomplishments would be retraining himself as a welder, building his own home and mentoring young men to follow in his footsteps. Steve was predeceased by Roberta, his wife of 33 years, in 2009.",2.0,1.0,3.0,2.0,1.0,2.0,2.0,3.0,1.0
inst_92388afd0e3b7cab_154,"Francesca Lynch, Winner of WIBF's 2017 Young Professional Award is now Head of the EUR Corporates Credit Trading team at RBC. We spoke to her to ask her about her year since winning...
""Do it! If you are thinking about it, then do it!""",1.0,1.0,1.0,2.0,1.0,2.0,3.0,2.0,1.0
inst_92763aa6780c5912_85,"When finished Veronica lightly polishes the Artwork she is painting on which gives off a more shinier amazing view of the many faces, trees, animals, fish and other ocean creatures, floral and anything that the viewer can see. There are many companies around the world who sell, give workshops and orders can be purchased through individual Artists, websites and suppliers of the world of encaustic also they offer wax paints which are in a semi-liquid form, using a hog hair brush paint normally as you would acrylic or oil paints for artists who do not want to use melting irons, stylus, heat guns or heated mats etc. Not being allowed a Social Life after getting pregnant I turned my interests to Sewing items and my alternative was to get into Handicrafts creating items from Material, Wool, Cardboard, Beads, Dried Flowers, Paper Craft, Coloured Pencils & Water Colours Paints for myself & others.",1.0,1.0,2.0,3.0,2.0,5.0,1.0,1.0,2.0
inst_930bc2e102089d7b_275,"Madrigal now faces one count of murder and is in police custody with his bail set at $1 million, the DA’s office said. He has pled not guilty, the DA said. Joe Lopez, 28, was working as a security guard outside a Food 4 Less grocery store on Sunday when Madrigal allegedly stole two cans of beer, LAPD officer Taylor McLaws said at the time.",1.0,1.0,1.0,2.0,4.0,3.0,2.0,3.0,1.0
inst_94744242f5ecd2c8_192,"After footage that shows two men having sex spent a few hours circulating on Twitter with viewers claiming that it's of Santana, the Perry-born star has taken to social media to share his side of the story. ""So on my right side, right here, real big and ghetto. That's a dollar sign, and it's a cheetah print – that's how old it was.",2.0,1.0,2.0,2.0,3.0,3.0,1.0,1.0,2.0
inst_9527275bbb6d5af5_60,"Greg Abbott to remove the Uvalde County district attorney from overseeing the Uvalde Together Resiliency Center. Uvalde schools police Chief Pete Arredondo resigns from city council
In a letter to the city, Arredondo said he was stepping down from his elected position, citing a desire to “minimize further distractions.”
Frustration, distrust mount in Uvalde as families search for justice
A couple dozen family members of victims of the Robb Elementary shooting attended Uvalde’s city council meeting Thursday looking for answers. They said they want transparency and accountability, but city officials said they couldn’t share any new information or hold anyone accountable at this time.",1.0,2.0,2.0,3.0,4.0,2.0,3.0,3.0,1.0
inst_9570819fd0a762c7_335,"“I am grateful to have former Hillsborough County State Attorney Mark Ober endorse my campaign to represent Congressional District 15 in Congress,” Lee said. “Mark diligently served our community for many years as an esteemed State Attorney and worked alongside law enforcement to uphold the law as a top prosecutor. He worked tirelessly to keep our community safe and was a respected leader.",2.0,2.0,1.0,1.0,1.0,2.0,1.0,3.0,1.0
inst_95ea7c3cfbb52acd_193,"Instashowing
This Bend, Oregon-based startup was being formed for about a year before ShowingTime caught the eye of Zillow, giving it a number of advantages, from not trying to merely emulate what its predecessor offers to being able to build its product without the reactive go-to-market pressure. The result is one of the lightest, most nimble and unique solutions in the space. About Time Tours
Another group out of Bend, this showing technology straddled the line between tour software and showing manager, and wasn’t quite awesome at either.",1.0,1.0,1.0,1.0,1.0,2.0,2.0,3.0,1.0
inst_96b6329a30ee398f_301,"LONDON, England - A death of an elderly man identified as a Canadian who died in handcuffs in British custody has sparked questions about the treatment of immigration detainees. The death of the man is getting considerable attention in British media, and several outlets have identified him as a Canadian named Alois Dvorzac. The case has prompted an investigation by Britain's prisons and probation ombudsman.",1.0,1.0,1.0,3.0,2.0,2.0,1.0,5.0,1.0
inst_9715f3701a6f058c_5,"Some excuse for it. They were twins. Doubles. The same in their physical form. That had to be it. Apparently, her body didn’t know the difference. Well, Cordelia certainly knew the difference. What’s more, so did Angel.",4.0,1.0,5.0,1.0,2.0,3.0,1.0,1.0,1.0
inst_97a7c3515a7e2fc1_312,"“Wow,” I said, because change is remarkable. Was the preacher backing away? “Which is not so say God is not in it,” I added, quickly. Was he nodding in agreement? Wait—where did he go? What questions do you carry into everyday life?",4.0,2.0,4.0,2.0,2.0,2.0,1.0,1.0,1.0
inst_98484deb69cd457c_194,Ms. Regester stated that she would be willing to have an arched window in place as long as it served as an egress window. Mr. Darling stated that he thought the arch could be done but the window would be a casement window.,1.0,1.0,1.0,1.0,1.0,2.0,1.0,1.0,1.0
inst_99cc92f363b15d80_283,"What's left until you can snap pics for application? Answer: cross stitches and lacing on the V neck. And this leads me into this update...
Lastly I had a dress constructed (with a sash/belt), but no cross stitches on the seam lines and the V neck wasn't finished either.",1.0,1.0,1.0,1.0,1.0,4.0,1.0,1.0,1.0
inst_99f367ab2f1968e6_185,"For me, I didn’t know how to pilot drones and it’s been interesting to see the kids fly them through different obstacles. You can use these devices for a lot more things.”
Students like George Kapasouris, 12, of Glen Ellyn, said he was interested in drones and currently owns one himself. “I came because I was interested in drones and wanted to learn more about them,” he said.",1.0,1.0,2.0,1.0,1.0,2.0,1.0,2.0,1.0
inst_9c4417ba2ed94bf3_142,"The orders
for this relief were, however, cancelled on the 18th February, and the
Division moved back to the Flesselles area. During this period the composition of the Division underwent
considerable alteration. The three Lancashire battalions left the
Division on 3rd January 1916 to join the 55th (West Lancashire)
Division.",,,,,,,,,
inst_9c5bc9bc8ed500c1_244,"He has written several best selling popular psychology books (including The Luck Factor, Quirkology, and 59 Seconds), and has sold over 3 million copies worldwide. His YouTube channels have received over 500 million views and are some of the most watched channels in the UK. Richard was listed in the Independent On Sunday’s top 100 people who make Britain a better place to live, and has acted as a consultant for Derren Brown, Brain Games, Your Bleeped Up Brain, and Mythbusters.",,,,,,,,,
inst_9c821d7f471e51e3_23,"I believe this tv has only ever been at this price once before and was very difficult to get delivery
Looks like a great deal- had my heart set on ambilight so May push the button on this..
Community Updates
-
To add, this 75 inch Ambilight has just been reduced today at Curry's to £899 which was their Black Friday price back in November:
currys.co.uk/gbu…tml
They should beat it by a tenner and give guarantee. Mine was posted before this thieving intruder but apparently as this is first post the moderators had to do a full check on his dodgy character. So although mine was posted first this chappy had submitted it prior
Only kidding daysaumders, good first post, many more to come.",2.0,2.0,3.0,1.0,2.0,2.0,3.0,1.0,1.0
inst_9da50420bb2ebc21_141,"There was no time for Don to think up a reply, as they were already
passing through the outer door. Just across the sidewalk the huge figure
of Cho-San bulked beside a waiting car. Once inside the limousine, Don found himself in no mood for further
self-explanations.",4.0,3.0,3.0,3.0,2.0,3.0,2.0,3.0,2.0
inst_9daa786825bcc033_136,"She’s studying for a master’s degree in social research and global journalism, at the University of Sheffield. She had read a column I wrote on Nigeria’s net-zero carbon pledge at the recent 26th United Nations Climate Conference of the Parties, known as COP26, and wanted to interview me for her research project on the media framing of the COP26 commitment in Nigeria. For nearly one hour, over Zoom, we discussed the issue: Did President Buhari engage and sensitise Nigerians before making the net-zero pledge at COP26?",1.0,1.0,3.0,1.0,1.0,2.0,4.0,3.0,1.0
inst_9e0effcb64e2c290_111,"You could even spend a day out at boat with food and fruits. Book now, to make your stay a memorable one! Rent snorkeling items and lose yourself in the beauty of the underwater! Book now, to reserve your items! Capture priceless moments of the beauty underwater by getting yourself a Cameras, CDs and DVDs.",1.0,1.0,1.0,1.0,1.0,2.0,1.0,2.0,1.0
inst_9f3b88e4b470775c_349,"When my children were all at home, they helped with the decorating. Since my husband and I have an empty nest, I have simplified. I love a wreath on the door and candles in the windows. I decorate my hearth and have a tabletop Christmas tree.",3.0,2.0,2.0,3.0,1.0,3.0,2.0,2.0,1.0
inst_9f57d7ce389989b1_77,"This was definitely a good one though! We went to York not so long ago and did pretty much the same as you – refused to pay to go into the Minster, walked around the walls, and went to Goji! I had a hot dog that was served in a whole baguette it was that big (it was really good) and we got cake to take home with us, which turned into more cake-mush by the time we got home but was also really good!",4.0,3.0,3.0,2.0,2.0,5.0,2.0,5.0,3.0
inst_a01ea4f16d88a038_231,"The state AG copped the same attitude. I asked the detectives to at least call him in for questioning, but they wouldn't even do that. I had to pay his extortion (return his deposit) to get him to file a notice of satisfaction - so I could complete the sale.",4.0,2.0,3.0,3.0,4.0,2.0,1.0,1.0,1.0
inst_a1125baba1cddc8d_201,"We need to adapt to what people want, so they feel empowered. We need to capture their voices all the way through. It’s also made us think about the role of our LTO. From the research we learned people in the community wanted us to support other deprived areas – many of them have got friends and family down the road who are also struggling.",2.0,1.0,4.0,2.0,1.0,1.0,1.0,1.0,1.0
inst_a2b5eb983a4df54e_230,"One of
the prisoners, named Undungunyanga, son of Umgegane, declared that
it was true the king had wanted to make peace, and previous to the
battle, in an address to the army, said that as the Inkandampeonvu
regiment would not let the white cattle go to the British as a
peace offering, and as the white army was now at his home, they
could fight. The battle was to take place on the open plain between
the Nodwengu and Ulundi kraals. The king then personally placed the
different regiments, gave final orders, and retired to a kraal at
a short distance to witness the battle.",2.0,1.0,2.0,2.0,4.0,3.0,2.0,4.0,1.0
inst_a2c22d039183a2d4_55,Emilie wanted to keep something out of Koko and loved that Bellamy looked so much like her dam. We are hoping that she has the milk production of her dam and that she has the udder improvement of teat placements of her sire Raisin Ridge Ranch Jesse James. Looking forward to seeing how she develops.,4.0,3.0,4.0,2.0,2.0,3.0,1.0,2.0,1.0
inst_a36a1f7ee9ac2e3d_176,"I was told there were 3 guys that formed Sharpe. The main guy, by the last name of Sharpe, had 2 investors that helped support the business financially. The 2 investors decided they wanted to divest and do something else with their money. Sharpe could have reapplied for working capital loans himself, but decided at his age he didn't want to go-it-alone and they all just decided to close down the business.",2.0,1.0,3.0,3.0,1.0,1.0,1.0,1.0,1.0
inst_a6afd658ff8e150b_129,"In 2010, RB managed to overcome these constraints for one of its brands, Durex, the best-selling condom brand in the world, by leveraging Chinese social media platforms and investing in offline and online distribution. The new strategy paid off—Durex condom sales increased threefold in China and market share increased by over 10%. RB now wanted to generate the same results for its other brands in the country, and needed to decide how to balance investments in offline distribution, social media campaigns, and e-commerce in order to keep growing not just in China, but in other emerging markets as well.",1.0,1.0,1.0,3.0,2.0,1.0,4.0,3.0,1.0
inst_a7705f957cb898b6_32,"Hussain felt the urgency of this book after a chance conversation in 2015 with a Catholic friend who confessed that Hussain was the only Muslim person with whom she had ever had a real conversation. Hussain realized that while Muslims live, study and work with their faith counterparts in Canada, their presence didn’t necessarily translate into understandings or personal connections. The gaping silence needed to be filled with conversation.",4.0,2.0,4.0,3.0,2.0,2.0,4.0,3.0,1.0
inst_a7888d6db4e0f6b2_196,"Now the owner says he's ready to start a new chapter and dedicate more time to his family. The store is famous for its country ham and down-home feel, but what's been most memorable in the last few decades is the man behind the counter, Ronald Horton, known to most simply as Ronnie. by Tess Bargebuhr / Dec 31, 2021",2.0,2.0,3.0,3.0,1.0,2.0,3.0,2.0,2.0
inst_a86104570d6bbe2c_219,"And naturally, the two girls, Eve and Norma, would not go
to Mr. Bruce's room to play a trick like that. ""I don't mind now,"" said Vernie, ""when it's all light and cheerful and
you're all around me, and the breakfast is so good and all. I think it's
the beginning of these experiences we came up here to look for.",3.0,3.0,3.0,2.0,2.0,2.0,2.0,2.0,2.0
inst_aadc60ee7f6ac710_36,It recurred about an hour ago. Will you please try the following patch and see whether the issue still exists? > to Debian's xserver-xorg-core 1.7.6. The bug happened again yesterday.,1.0,1.0,1.0,1.0,1.0,1.0,2.0,1.0,1.0
inst_ab59326df4ebfa37_206,"Swedish Prime Minister Magdalena Andersson and Finnish President Sauli Niinistö visited the White House in May, and Mr. Biden said Tuesday he spoke to them on the phone ahead of the signing ceremony. “We can see all too clearly today that NATO remains an indispensable alliance,” Mr. Biden said, adding: “When Finland and Sweden reach 32 allies, we will be stronger than ever.”
Democrats argue that joining Finland and Sweden to NATO will reduce the burden on the US and other allies that are helping Ukraine. The endorsement in Washington was another turn away from the foreign policy of President Donald Trump, who has openly criticized the alliance.",1.0,1.0,2.0,1.0,3.0,1.0,3.0,3.0,1.0
inst_ac620b50701faf6d_157,"I had a great time shooting between the bride and the groom leading up to the ceremony as the sun was setting. Great location, happy couple, and plenty of drinks made for a good time. Thanks again to the Baird family and the happy couple for all the help on the bridal shoot and staying flexible the day of.",3.0,3.0,2.0,1.0,1.0,2.0,2.0,2.0,2.0
inst_ac6c9a6216a5f2c3_22,"Absolutely, we are already planning our next project. What did you particularly like about this service? The information that the INDEL Profiling Service provided (precise and reproducible quantitation of INDEL formation), the good interaction with COBO Technologies and the nice software (ProfileIt) they developed.",1.0,1.0,1.0,1.0,1.0,1.0,1.0,1.0,1.0
inst_ad8ad415395c3ca1_42,"The park site is comprised of roughly two acres of grass field and mostly bare of trees. Novicki said the park district has owned the lot for quite a while, and has been planning a dog park since a public survey in 2013 showed strong community desire for it. The park will be surrounded by chain link fence, with a section fenced off for small dogs and training.",1.0,1.0,1.0,2.0,1.0,3.0,3.0,3.0,2.0
inst_ae1752df5ea64140_239,"Please check back to see how we're doing. Cheryl Humble, Julian’s kidney donor, arrived on Sunday morning for her annual check-up. We went for a walk around the mall across the road, where there happens to be a display of play-houses that have been designed, built and donated by local architects.",2.0,1.0,1.0,1.0,1.0,3.0,2.0,3.0,1.0
inst_ae56ed9ec9363ec4_197,"""I am sure that in the sight of God he was a wholesale murderer,"" said
Rosie; ""a murderer not of men only, but of innocent women and children
also."" ""Yes,"" said her mother, ""there were twelve children killed, besides
Captain Wells, Surgeon Van Voorhees, Ensign Ronan, and twenty-six
private soldiers. ""Toward evening the family of Mr. Kinzie were permitted to return to
their own home, where they found the friendly Black Partridge waiting
for them.",2.0,2.0,3.0,2.0,3.0,3.0,2.0,2.0,1.0
inst_b10c4dc872113484_348,"Before she tears off freely…with a shattered heart in agony. In memory for the two victims gang raped by the locals in India, eventually one committed suicide and one died of serious injury in a Singapore Hospital. My heart goes to the victims and the families.",4.0,5.0,2.0,4.0,5.0,2.0,1.0,4.0,1.0
inst_b1da0879018984ae_316,"La and leh, sia and chey. Singer-songwriter Dick Lee, who has written several National Day songs, chose to sing We Will Get There, originally performed by Stefanie Sun in 2002. ""Here's a song I wrote 20 years ago,"" he said before launching into a rendition while playing the piano.",1.0,1.0,1.0,1.0,1.0,2.0,3.0,1.0,2.0
inst_b20d2541c084fc6b_279,"I found it less expensive and therefore it it is the best buy cost vs quality. I bought the service-manual of the sony ICB-1020(an old transmitter-receiver) at ""www.Owners-Manual.com"", I found the service-manual for a fairly cheap price(in comparison with other sellers). I filled in some questions, payed the order with Ideal, and within 24 hours I had my service manual.",3.0,1.0,2.0,2.0,1.0,2.0,1.0,1.0,1.0
inst_b38ba3060fd1b1d3_120,"As our favorite all-around fin in the quiver, we have expanded the Triangle series to handle the smaller paddler’s fin needs. With a perfect balance between fin depth and surface area, this fin provides maximum stability and paddling efficiency in any water condition. Whether you are racing the open ocean, exploring a sea cave or paddling with friends, this fin series is designed to make time on the water an enjoyable experience.",1.0,1.0,1.0,1.0,1.0,2.0,1.0,2.0,1.0
inst_b42405945361d07e_189,"Coryea, Paul
On the morning of December 25, 2021, Paul L. Coryea of Rome, Georgia, passed away at the age of 87. Paul was born in New Jersey on February 21, 1934, son of the late Charlie Coryea and the late Lucille McGrath. He was also preceded in death by his son, Mark Coryea.",1.0,1.0,1.0,5.0,1.0,2.0,5.0,4.0,1.0
inst_b557788bca2dc7de_328,"We haven’t had a pet for a few years, since our goldfish was the victim of perhaps the only scrambled eggs overdose in the goldfish scientific record. It has been a pet-free zone since then. Oh, the children have asked for one.",2.0,1.0,1.0,2.0,1.0,2.0,1.0,1.0,1.0
inst_b56563301921347c_88,"COVID lab, Saguaro Bloom, had 5 locations open on New Year's Eve, and many of them were booked for appointments. ""We were very, very busy a month ago, and right now we're probably 50% above that. All of our appointments, our daily appointments, are starting to get maxed out.""",1.0,1.0,1.0,1.0,1.0,2.0,4.0,2.0,1.0
inst_b59462447c28da35_169,"""One of the most fabulous feelings is seeing that old man sit up in that gurney and them putting him in that ambulance,"" Shipman said. Though the rescued man could not be reached for comment, Shipman said he wanted to hear from the man to learn about his condition and well-being. ""You got to give glory to God, always first and foremost, because it's him that gives us the power and the accountability to be there at the right place and the right time, because God was watching out over him, too,"" Shipman said.",3.0,3.0,4.0,2.0,1.0,3.0,1.0,1.0,2.0
inst_b6112ab664a302f8_327,"His post was made late last night, and soon attracted the attention of many fans, who believed that Grace would definitely respond given the pair’s frequent interactions on social media. Netizens commented that Show could possibly only copy the words “Four Great Classical Novels” instead of actually copying the four books. In response, Grace declared, “I’ll hit him if he does that!” Show, who was obviously watching the action unfold, could only respond with “………” which led fans to share their anticipation of what Show will end up doing to appease his girlfriend.",2.0,1.0,2.0,1.0,2.0,1.0,1.0,1.0,1.0
inst_b6652147b2da9cf3_232,"When I go to Rendering -> Effect MAX crashes, but only with Forest Pro in the scene. Pressing the 8 keyboard shortcut crashes it too. We can't reproduce this reported crash. If it happens for You again please send us the minidump.",2.0,1.0,1.0,1.0,2.0,2.0,1.0,1.0,1.0
inst_b6c41a10e96567ad_135,"I think RS implied that if you sift through the details of the movie, you uncover ""something"" about Pink Diamond. My personal theory is that because Pink was treating her pearl like a friend, White got upset or Pink Pearl was pushed to her limits of what she was capable of somehow and that's how she got that scar. Pink left Spinel in the garden because she had to ""grow up"" and couldn't ""play"" anymore, and couldn't bring Spinel with her because the other diamonds wouldn't approve of her bringing a ""playmate"" to serious business.",5.0,2.0,5.0,3.0,3.0,2.0,1.0,1.0,1.0
inst_b73002098d520146_140,"Her mother had secrets to share with her but passed before Andi heard them, so when she meets a man and his wolves while out on a ride and they share each others blood...her eyes are opened. You follow Andi as her father, the high king, attempts to keep her and her power for himself by hiding her away. Of course Rayfe with his Tala magic knows exactly where she is and eventually plucks her from the high king’s clutches.",2.0,1.0,3.0,3.0,4.0,2.0,1.0,1.0,2.0
inst_b89ca2dd443ee660_34,"In 2014 the Ethiopian government continued to suppress free speech and associational rights, shattering hopes for meaningful reform under Prime Minister Hailemariam Desalegn. Government harassment and arrest of prominent opposition and media members continued, including the April arrest of nine journalists who were charged under Ethiopia’s controversial antiterrorism law. In April and May, massive protests in Oromia Regional State broke out following the announcement of the planned expansion of Addis Ababa into Oromia.",1.0,2.0,2.0,2.0,5.0,2.0,5.0,5.0,1.0
inst_b8a17f0424a0c68e_199,"Duck numbers were again healthy with 36 Wigeon, 9 Common Pochard, 18 Tufted Duck, 12 Shoveler and 210 Common Teal. An Avocet roosting up to its belly in water found a safe refuge also on No 6 tank. The 1st winter male Hen Harrier was watched briefly before crashing into the reedbed to roost.",1.0,1.0,1.0,2.0,1.0,5.0,2.0,3.0,3.0
inst_b8b5c8d58db225db_190,"This website only contains a snapshot of some of the local issues that I have been progressing as the MP for Auckland Central. If you have queries about any other local issues that I may be progressing in my capacity as the MP for Auckland Central then please contact my Parliamentary Office. If you have any queries relating to my election policy, please don’t hesitate to get in touch with the Auckland Central National Party.",1.0,1.0,1.0,1.0,1.0,1.0,1.0,3.0,1.0
inst_ba06222bb9fc7059_109,"Whiteaker's grandfather and uncles handed him the reigns in the early '80s. He remembers first stepping into the kitchen when he was just 9 years old. ""Back in the day we used to make the dough by hand -- 100 pounds in 4 minutes,"" he said
The area around the business is notorious for flooding, but it still drew people together.",4.0,1.0,2.0,3.0,2.0,3.0,4.0,3.0,2.0
inst_ba5cbaf3a2ce0365_290,"(Hawaii News Now)
HONOLULU (HawaiiNewsNow) - Honolulu Emergency Medical Services said a 22-year-old man has been taken to the hospital for a fireworks-related injury in Ewa Beach. First responders said the incident happened at around 1:16 p.m. near Fort Weaver Road and Hapalua Street. Paramedics said the man sustained injuries to the hand, chest and face after an aerial firework that went awry.",1.0,1.0,1.0,3.0,1.0,3.0,2.0,4.0,2.0
inst_ba7ef12815afa4f5_162,"Overtime helped futsal club Osijek VBK sign a sponsorship agreement with futsal brand Kelme, after which the club changed its name in futsal club Osijek Kelme. Overtime also helped club marketing department. By retrieving marketing and collaborating with...",1.0,1.0,1.0,1.0,1.0,1.0,1.0,3.0,1.0
inst_ba9d5cc665809294_14,"I will neither
put myself in his power, nor help him to the best means of spying out my
secret. No! Have I spoken distinctly?--he shall have neither confidence
nor assistance from me!"" ""Is it possible?"" cried the Colonel, driven to an extremity of mingled
wonder, indignation, and pity; ""for the sake of your own exasperated
feelings, _can_ you make up your mind to revenge yourself, by ruining
this unhappy lad, your only son, for ever?""",4.0,5.0,5.0,2.0,5.0,1.0,1.0,1.0,1.0
inst_baedcbea9c5ce46a_243,First he organised six focus group meetings with 53 researchers and ancillary staff in different disciplines. In the second study he looked at 170 projects in two large climate research programmes: were they organised such that societal benefits were possible? In the third study he examined four projects in computer sciences to learn how valorisation works in practice.,1.0,1.0,1.0,1.0,1.0,2.0,1.0,1.0,1.0
inst_bb2995f1272965ff_2,"Despite a 77-14 scoreline, Bishops displayed good spirit in taking on favourites GEPLO2. Reduced to 14 players after winger Anselm Ivanovas was forced off with a broken finger, the men from Eastern Switzerland showed in parts that they could hold their own against a better drilled and larger squad. Tries by Tom Wright and Andreas Kern with some bruising tackling accounting for a number of GEPLO2 players, Bishops made their way home, disappointed with the score line, but positive about the future of St. Gallen rugby.",1.0,2.0,2.0,2.0,3.0,3.0,1.0,2.0,1.0
inst_bb6d6483df4d8e73_248,"It is renowned for its bird garden, farm experience and over 100 acres of exquisite gardens. When we arrived, we first went to visit the Penguins; they were slipping, sliding, and swimming around their enclosure. The children loved looking at the penguins swimming and watching them as they were fed fish by the penguin trainers.",2.0,2.0,1.0,1.0,1.0,3.0,1.0,2.0,2.0
inst_bbcfad3a302a6a47_101,"Rupel Boom finished the season in 9th place. For the new season 2016–17, former coach Urbain Spaenhoven was appointed as the new coach. It's his second stint as head coach after leaving the club for KV Mechelen in 2010.",1.0,1.0,1.0,2.0,1.0,2.0,4.0,3.0,1.0
inst_bc12332870dcfb59_70,"Great praise is due the men for their bravery, and they deserve alike to share the glory. Major Tenth Kentucky Cavalry, Commanding Battalion. DECEMBER 25, 1862.-Skirmish on the Wilson Creek pike, between Brentwood and Petersburg, Tenn. Numbers 1.-Colonel P. Sidney Post, Fifty-ninth Illinois Infantry, commanding brigade.",1.0,1.0,1.0,1.0,2.0,2.0,5.0,5.0,1.0
inst_bc6923d20a046654_3,"The structure, which was a three-storey building under construction suddenly collapsed and threw residents of Shogoye Bus Stop area, Bode community in the city into panic. The building was said to have collapsed around 5:54 pm while bricklayers and other artisans on site were rounding off for the day’s work. Nobody was confirmed dead as at press time but rescue efforts were ongoing.",1.0,2.0,1.0,3.0,2.0,3.0,3.0,4.0,1.0
inst_be120c20db0fed54_311,"""If you keep the air conditioning on, I discovered, if you walk out you almost die for the shock,"" he said. Daniele Specogna loves Marble Bar for the proximity to nature it affords him. (ABC News: Cason Ho)
When the temperature pushes higher he prefers to find a shady patch near a secluded waterhole and, with his feet dipped in the water, settle for the day with a book.",,,,,,,,,
inst_be61a34fbef23dd3_75,"In a blender, combine strawberries, milk, and sugar. Toss in the ice. Blend until smooth and creamy. Pour into glasses, serve and enjoy! Combine in blender of food processor until smooth. Pour into popsicle moulds and freeze for a few hours.",1.0,1.0,1.0,1.0,1.0,3.0,1.0,1.0,1.0
inst_beb14bdf3dd60fd4_119,"We had a ""Camouflage Day"" as part of Spirit Week at my high school. I warned him that I didn't want him to leave his chair again until the bell rang. I had to stifle a smile, though, when I overheard him tell a classmate, ""I didn't think she could see me.""",5.0,3.0,4.0,1.0,3.0,3.0,3.0,2.0,2.0
inst_bf749cfb6f73c4ee_182,"Sky News has reported that Javid was given the option to remain in his position, if he was willing to sack his team of advisers. However, Javid declined to do so and therefore has now resigned. Javid is the UK’s shortest servicing finance minister since 1970.",1.0,1.0,1.0,3.0,2.0,1.0,2.0,2.0,1.0
inst_c028c8673e04ed05_81,"In Warsaw she married writer Z.
Segalowitch, whose family name she took as her stage name, and after
that became the wife of the shul director and journalist Sh. Mendelson. After the closing of the Central
Theatre, S. joined other dramatic troupes, and acting with Morevsky
she created the role ""Nekhamale"" in Kacyzne's ""Dukus"".",1.0,1.0,1.0,2.0,1.0,2.0,2.0,3.0,1.0
inst_c0294f5ca1e76165_329,"""They're old friends,"" he says. ""They never harm me or others. Interacting with them has become an important part of my life.""",2.0,1.0,2.0,1.0,1.0,1.0,1.0,1.0,1.0
inst_c0f329a464d90663_215,"Over the last seven days, Kingdom Game 4.0 has traded down 34.5% against the U.S. dollar. It is usually not currently possible to buy alternative cryptocurrencies such as Kingdom Game 4.0 directly using US dollars. Investors seeking to acquire Kingdom Game 4.0 should first buy Ethereum or Bitcoin using an exchange that deals in US dollars such as Coinbase, Changelly or GDAX.",1.0,1.0,1.0,1.0,1.0,2.0,2.0,1.0,1.0
inst_c283170d352a7147_50,"A careers microsite was created to continue the story, shed more light on the roles and life at Expedia. The site also allowed people to apply using LinkedIn, something their ATS couldn’t offer, so we bypassed it for this campaign to speed up the recruitment process. And, after application, a digital candidate pack ensured they had everything they needed to get to know LPS better.",1.0,1.0,1.0,1.0,1.0,1.0,1.0,1.0,1.0
inst_c2cc4ae8af7e48a4_281,"Actually, this is one of the top things I like about BRL-CAD: the community. During my short time spend on IRC, every time I encountered a problem someone answered and gave me enough details in order to overcome it. Secondly, even though at first I haven't known about what BRL-CAD does (except I had a small idea from the name CAD), after looking on the Idea page, I found a project that was suited for me and which contained one of my favorite interests: computer graphics.",3.0,2.0,4.0,3.0,1.0,1.0,2.0,1.0,1.0
inst_c363ce1bc3e40d22_39,"He then surpassed his own world record high score of 156 with his ninth six. He smashed six sixes and four boundaries during his 33-ball 68 runs knock. Finch brought up his second T20I hundred at the end of the 14th over, taking just 50 deliveries.",1.0,1.0,1.0,3.0,1.0,2.0,2.0,1.0,1.0
inst_c3644436a00940ae_54,"I take offers on eBay all the time so this is a great tool for my Shopify site. Also the customer support is 5 stars! I wasn't seeing the offer button on 2 products, they answered within 24 hours, fixed the issue and even redesigned the ""make offer"" button to match the design of my website.",2.0,2.0,2.0,3.0,2.0,2.0,1.0,1.0,1.0
inst_c36f837c4f7f4e48_262,"“The imported packaging materials have proven to be expensive and made it difficult for the organisation to produce and sell the mahewu product at a competitive price,” reads the report. “The first quarter closed 23 percent below budget and 42 percent below last year. The first quarter was affected by shortage of raw materials and containers mainly in February and March, which affected product availability in the market,” it said.",1.0,1.0,1.0,1.0,1.0,2.0,2.0,1.0,1.0
inst_c443e49cb03378b4_83,"Ok, so the pool party your friend was throwing got cancelled because it turns out her parents are not going away that weekend. And therefore your schedule is wide open for that day. This means you need to delete that saved event on your iPhone calendar until you have new plans to put in.",1.0,1.0,1.0,2.0,1.0,2.0,1.0,1.0,1.0
inst_c522801239b578d6_222,"At that point I would only have suggested a difference in level of honour. Perhaps ""The More Honourable Peacekeepers"" would have been more diplomatic? That would be a matter for Carnage themselves, Mr E.
Homer, G, and Karac, I believe that you guys have really taken this out of proportion.",3.0,1.0,4.0,1.0,3.0,1.0,1.0,1.0,1.0
inst_c6c4d485162e761d_9,"Fold in the macaroni and reserved bacon and chiles. Transfer to a bowl, cover and refrigerate for about 2 hours until completely chilled. Coat two 12 cup mini-muffin tins with non-stick spray. Heat oven to 375 degrees.",1.0,1.0,1.0,1.0,1.0,5.0,1.0,1.0,1.0
inst_c7f8cc093ab9fd44_234,"However, by Demoware 2, Obi had recruited several more coders into the group and the end result was technically impressive for the time - especially for a British demo. Unfortunately, it was never officially released, but a .DSK was eventually made available by Interrupt after discussions on comp.sys.amstrad.8bit. The Bitmap Vandals were also originally engaged to write the code for Grace Under Pressure, the replacement for Presto News which eventually became BTL.",1.0,1.0,1.0,1.0,1.0,2.0,3.0,1.0,1.0
inst_caa188d0efe5f333_95,"“But we did a drive-thru and it’s working really well.”
Last week, the province announced new restrictions for the hospitality sector, that included a limit of 10 people per table, alcohol service ending at 11 p.m. and that dancing would no longer be permitted, a big hit for club president Lindy Horvath and other members of the club. Read more: New COVID-19 restrictions may be ‘final nail in the coffin’ for businesses in Alberta
“When people come to the Italian Canadian Club, they don’t always come for the entertainment or the food, they come for the dancing,” Horvath said. “To actually stop them from dancing is like tying their hands behind their back.”
The current restrictions even prompted some events to pull the plug all together, including L.A. Chefs’ New Year’s Eve party.",1.0,1.0,2.0,3.0,3.0,2.0,3.0,3.0,1.0
inst_cad75245171ef28c_324,"You might need a trip to the liquor store after this! During the first few lines of vocals I was thinking, ""bless her heart, maybe she's doing what she loves and she knows what she's dishing."" As soon as I heard the two other ladies join her on backup and spotted the 12 year old drummer in back, I knew exactly what was in store.",4.0,2.0,4.0,3.0,1.0,3.0,1.0,1.0,2.0
inst_cbd4ab6b16e87425_249,Harbaugh’s gamble on himself paid off though. He led Michigan to their first win over Ohio State in nearly a decade and to their first win in the Big Ten Championship Game. But now he’s leading the Wolverines against a Georgia team that spent half the season as the No.,1.0,1.0,2.0,2.0,2.0,1.0,2.0,2.0,1.0
inst_cd562bcbb714195e_183,"A voltage regulator was also removed, as it was not used by the amplifier. I was going to ask if you would snail-mail the unused card half to me, but I may already have a SB with YMF289. I think I’ll leave my card intact, But I could salvage the YMF289 and control it with parallel port or microcontroller in some project.",2.0,1.0,4.0,2.0,1.0,3.0,1.0,1.0,1.0
inst_ce42868fea0951e6_61,"The strength of this book is the songs, which under gird our cultural heritage. In addition, and more important for me is also the way she demonstrates teaching and changing the songs, playing with the songs, helping the children put the songs and melodies in their body, their hands, their minds and their heart. When I discovered Storytelling in 1983, at the Corn Island Festival, it was natural for me to watch carefully the tellers who did use music in their work, people like Doug Lipman, Heather Forrest, Michael Parent.",3.0,2.0,4.0,3.0,1.0,2.0,4.0,3.0,1.0
inst_cecdd8e37f4ff963_57,"Biog: Younger daughter of Major Duncan MacLachlan; m. (1905) Sir Herbert James Read, Governor of Mauritius 1924-30. Occasion: The Court, 27 June 1924: presented by the Hon. Mrs. Eric Long. ""A gown of white georgette with tunic of silver embroidery, and a train of silver lame with embroideries to match those upon the dress"" (see: The Times, 28 June 1924, p 17c).",1.0,1.0,1.0,1.0,1.0,3.0,5.0,3.0,2.0
inst_cedf8b293713e0fc_343,"Therefore, if you buy a new computer, change web browsers or delete these Opt-out Cookies from your computer, you will need to perform the relevant opt-out tasks again. (a) What Information Can I Access? If you register as a babygiftsi member, you will typically have access to an account section that includes the registration information you previously provided which you can update or correct at any time.",1.0,1.0,1.0,1.0,1.0,1.0,1.0,1.0,1.0
inst_d00b1aed3a79bcaa_319,"Article from The Field about Polly Thomson's background and relationship with Helen Keller. ... deeply honoured this ’ ’ morning. Miss Polly Thomson, Helen Keller’s companion,, told us that she never gives interviews ...",1.0,2.0,1.0,1.0,1.0,1.0,1.0,1.0,1.0
inst_d1326caf2899bdfb_108,"- Cook chicken until no longer pink for about 6 minutes. - Mix together soy sauce, water, honey, cornstarch, ginger and red pepper flakes. - Whisk until there are no cornstarch lumps. - Into skillet pour sauce mixture with chicken.",1.0,1.0,1.0,1.0,1.0,4.0,1.0,1.0,1.0
inst_d1b02a5250ace09d_62,"2 years ago I lost nearly 150 lbs and being back home in the USA I've forgotten about portion sizes, food etc. I want to be part of a community that understands my frustrations and has my back and I'll have theirs too. My flair for life is gone.",,,,,,,,,
inst_d3eb66eb54f3a096_181,"The third YBW bird allowed the comment ""almost certainly the same as the previous day"" for this first time during this influx. Heard calling along the northern boundary of the reserve from the alder copse boardwalk, so necessary to check it wasn't someone messing with playback as this was a 'known site' from yesterday! It wasn't.",4.0,1.0,3.0,2.0,1.0,3.0,2.0,3.0,2.0
inst_d6064889d091c004_66,"I discovered that my Fitbit connects to the Weightless Project. In about 12 hours I’ve burned 710 calories AND donated 71 cents to fight hunger! I know, I know, 71 cents is nothing. However, is it really nothing?",2.0,2.0,3.0,2.0,1.0,2.0,2.0,1.0,1.0
inst_d67a66a91bf577a8_174,"Andrew Lloyd Webber is in the middle of renovating the Gillian Lynne Theatre, recently renamed. It marked the first time a West End space has been named after a woman. The New London, which was built on the site of the former Winter Garden Theatre, has had its current name since it first opened in 1973.",,,,,,,,,
inst_d6da0c26127bfd12_299,"The big insight for us was around the language we had used, both the written and the visual language of the tool. The tool to this point had been co-​designed with our partners and so we were confident that the tool made sense. Yet, due to our time restrictions in the co-​design workshops, the language we had used and the look and feel of the tool had not been given as much attention as its underlying function.",2.0,1.0,4.0,1.0,1.0,1.0,1.0,1.0,1.0
inst_d754c5bf529d5bd9_19,I tried for crack this handshake pass 2 weeks. But my PC is very slow. After this I will try for crack with myself. Well done mate was running this on the default keyspace. Thank you sir. This password is oldest Mobile Phone number of my country.,1.0,1.0,2.0,1.0,2.0,2.0,2.0,2.0,1.0
inst_d7ead80481d164f8_98,"Second row, left to right: Emma Raducanu (MBE), Jason Kenny (Knighthood) Laura Kenny (Damehood) and Tom Daley (MBE); and recipients from the field of entertainment Bottom row, left to right: Kate Garraway (MBE), William Roache (OBE), Daniel Craig (CMG) and Joanna Lumley (Damehood) Picture: PA Wire
Former Labour MP Frank Field, now a crossbench peer, has been made a member of the Order of the Companions of Honour for his public and political service. Diversity member Ashley Banjo and former Spice Girl Mel B are both to be made an MBE, as is Australian comedian Adam Hills. Chris WhittyQueenMBE",,,,,,,,,
inst_dada136543a76550_338,"He looked like he would eat me whole, but looks were clearly deceiving because all he did was lie on his back waiting for someone to tickle his tummy. From that day forward I was hooked and vowed that one day I would have one of those monsters. Growing into a responsible adult I realised owning a dog was a huge responsibility, and not something to be taken lightly, so it was many years of cogitating before I found myself driving to a farm in Farringdon where a litter of Border Terrier puppies had been born.",,,,,,,,,
inst_db820b96a1d021f2_331,"Last night I was anxious to get started on repurposing an old wood chair. I was tired of the aqua, turquoise and silvers that I had been using in many of my projects and needed a change. I thought a nice sunny yellow would look great in a garden.",5.0,4.0,4.0,3.0,1.0,3.0,2.0,2.0,2.0
inst_db83299fb8872a8c_216,"Memorial's Ty Frierson followed with two free throws at 1:42 and after Owasso's EJ Lewis answered with a basket, Frierson's teardrop shot with 1:16 left made it 61-58. Twenty-one seconds later, Seth Pratt sank two free throws and the Chargers were on their way to the title game. Owasso led by 11 early in the second quarter, but its advantage was only 31-28 at halftime.",,,,,,,,,
inst_dd456f6701e10ab3_293,"head coach dan campbell expressed postgame that losing fullback jason cabinda to injury significantly impacted the offense and was a costly injury. brock wright : ( 49 ) 73 % - - eight special teams snaps ( 35 % ) shane zylstra : ( 13 ) 19 % - - five special teams snaps ( 22 % ) amon - ra st. brown : ( 59 ) 88 % - - four special teams snaps ( 16 % ) josh reynolds : ( 53 ) 79 % kalif raymond : ( 46 ) 69 % - - two special teams snaps ( 9 % ) tom kennedy : ( 21 ) 31 % - - five special teams snaps ( 22 % ) khadarel hodge : ( 8 ) 12 % - - eight special teams snaps ( 35 % ) the detroit lions do not have any plans of shutting down running back d ' andre swift for the final two weeks of the 2021 nfl season. swift, 22, has missed the past four games due to a shoulder injury that was re - aggravated",,,,,,,,,
inst_dd9ac0539715cdf7_97,"Adepitan gamely joined them with £500 of his own cash. I hope he claimed it back on expenses. He sought advice from both believers and sceptics. The former were, as I’d suspected, of a type: nerdy men aged 20 to 40 (often bearded, bespectacled and baseball cap-clad), convinced they were cleverer than the rest of us and about to get rich quick as a result.",4.0,1.0,5.0,2.0,2.0,3.0,1.0,1.0,2.0
inst_dee37c939ae2f9ee_211,"That bottom compartment seems so handy! So, when I bought mine, all they had was the basic Catalina. I have taken it on nearly every trip since getting it. I can easily fit a three or four day trip in there. With the new versions, I think I’d buy the deluxe small.",2.0,1.0,2.0,1.0,1.0,3.0,2.0,1.0,1.0
inst_df23ae74a06dc2f8_177,"(I'm a girl.) (I used to joke about him being a ""lesbian in a man's body,"" not knowing that he actually was! And I thought he was just cute and girly because he was Asian...  And she still likes women, just not me in particular any more :P) 

It's entirely possible that, had they not transitioned, they would have felt pressured to find ""normal"" (i.e.",4.0,2.0,5.0,3.0,2.0,1.0,1.0,1.0,1.0
inst_df42deeb56609158_106,"_Sos._ I am o'r-joy'd, I know not
    How to reply: but--

    _Era._ Hang all buts; my Lord,
    For this your bounteous favour--

    _Nean._ Let me speak,
    If to feed Vultures here, after the halter
    Has done his part, or if there be a Hell
    To take a swinge or two there, may deserve this. _Sos._ We are ready. _Era._ Try us any way.",,,,,,,,,
inst_df57c1875fa90a28_187,"“When you see and hear stories like that, you think about your own experiences,” he said. “We were told a public apology would be issued by the news anchors who threw the fruits."" During the taping, Pearce said he “explained in detail why this is so offensive” and provided context on “the history of Black people in human zoos.""",1.0,1.0,3.0,1.0,3.0,2.0,2.0,2.0,1.0
inst_df6d53f7a3058e86_251,"The reason for targeting the Boa Esporte is its recent initiative of hiring a goalkeeper named Bruno Fernandes das Dores de Souza who was sent to prison for only brutally murdering his ex-girlfriend and his mother of his kid Eliza Samudio in 2010 but also feeding her to his dogs. This Fernandes is more famous by his first name Bruno and was sentenced to prison for about 22 years, but due to the legal technicality, he was released last month. After this, Boa Esporte hired him.",1.0,1.0,1.0,4.0,4.0,2.0,3.0,2.0,1.0
inst_e04da75885f7c5b0_214,"Eruption of Kizimen volcano on January 26, 2011.",1.0,1.0,1.0,1.0,1.0,2.0,4.0,4.0,1.0
inst_e19c07039385101b_153,Met Eireann have issued two weather warnings for Cork today - one for rain and one for wind - with gusts of up to 100km/h expected. This footage from Twitter user @MichalMoch87 shows the wind and rain hammering away as the pilot makes a reasonably soft landing out at Farmer's Cross given the conditions. A few nervous passengers can be heard onboard as the plane gets a bit shaky but the pilot brilliantly brings it level for a standard enough landing.,1.0,1.0,1.0,2.0,3.0,3.0,2.0,3.0,3.0
inst_e1a49843566d6248_233,"He has promised to look after us all, you know,
and do everything that is good for us. My word! you've never seen such
a beauty of a morning outside. Cold, though."" Thurso was undeniably in a very bad humour by this time.",3.0,3.0,2.0,1.0,2.0,3.0,2.0,2.0,3.0
inst_e1c48a519c235298_21,I knew for a fact only two songs had played and at at the most it should have been $100. All I had was $120 in my wallet and my bank account was drained from doing car repairs earlier that week. I'll never go back to one.,4.0,2.0,4.0,2.0,2.0,2.0,2.0,1.0,1.0
inst_e24604ba4a1f12be_138,"Buel was raised on a farm in Leedey, Oklahoma. He served in World War II and after returning home, he was called back to serve in the Korean War. Buel, then moved to Kansas where he worked for a farmer and the Graham County Road Department, running a road grader.",,,,,,,,,
inst_e25c4ff786cd2f85_261,"It is important to hold employers accountable for damaging your career; legal action can also help ensure that others do not face the same wrongs that you have. If you are contemplating whether you should file a lawsuit against your employer, our law firm can help you make an informed decision. Our employment discrimination attorneys have extensive experience handling employment litigation matters in state and federal courts, and provide knowledgeable legal counsel and determined advocacy for our valued clients.",1.0,1.0,1.0,1.0,1.0,1.0,1.0,1.0,1.0
inst_e27afc135859771f_260,"NEW YORK — For Michelle Lynn England, back-to-school shopping always meant heading to Target and the local mall with her two girls and dropping about $500 on each of them for trendy outfits. Not this year.",2.0,1.0,2.0,3.0,1.0,4.0,3.0,4.0,1.0
inst_e283f3fb76c85f33_282,"BBC Radio called Thomas ""One of Europe's foremost talents in fantastic literature."" Olde Heuvelt is a multiple winner of the Paul Harland Award for best Dutch Fantasy. His story ""The Boy Who Cast No Shadow"" received the Honorable Mention in the Science Fiction & Fantasy Translation Awards.",1.0,1.0,1.0,1.0,1.0,2.0,1.0,1.0,1.0
inst_e2bc521b93218324_170,"She later worked at the Goodwill Industries. She was an avid reader and was the widow of the late Carmine Gibson. Surviving are a son, Chester Wayne Gibson of Houston, TX and a daughter, Linda Gibson DuVall of Fountain Inn, SC; three Continue Reading »
Connect with Us",1.0,1.0,1.0,1.0,1.0,2.0,1.0,3.0,1.0
inst_e41d2f0037892f07_160,"But, the dictator hated WWE and would delete a lot of the Punk stuff posted and instead encouraged them to post content about Womens indy wrestling, wrestling in Japan, and the indys. But posts about Punk and WWE were pretty much frowned upon. So the citizens of Pyongyand(/r/ProWrestling) rose up and created their own community, which is what you see today.",2.0,2.0,2.0,4.0,5.0,2.0,2.0,1.0,1.0
inst_e584153c89d0d07f_91,"I think Babar approves too. Idk about that, but --- definitely works now . I just retested and couldn't, so we think it is Babar's different encoding that let him post it.",4.0,1.0,4.0,2.0,1.0,1.0,1.0,1.0,1.0
inst_e5ac96d9ef0c48e6_227,"As I worked, I stopped a few times to hang the garland to see if the length was right. - Pre-cut your ribbons. Each piece can be anywhere from 6 to 8 inches long – this does not have to be exact. - Decide on a pattern of colors.",1.0,1.0,2.0,1.0,1.0,3.0,1.0,1.0,2.0
inst_e6072a285d0743bc_277,27-05-2019: #10-159 Sold! 26-05-2019: #03-36 Sold! 28-04-2019: #093-127 Sold! 31-032019: #06-139 Sold!,1.0,1.0,1.0,1.0,1.0,1.0,5.0,1.0,1.0
inst_e6377482b92742aa_89,"A rogues gallery of artists behaving badly captured over many luncheon dates and boozy afternoons. The good, the bad and the grumpy. Mr. Brown was amongst the 120 odd identities. Then we did our own little survey on the details of the day.",2.0,2.0,2.0,1.0,2.0,3.0,3.0,1.0,2.0
inst_e7e47de49985d9fd_12,"I feel so bad for the owner of this house, she’s so nice and has a beautiful dog my dog plays with whenever we see each other. Hopefully she didn’t lose everything, but it looked bad. I’ll walk by to report in morning.",4.0,4.0,3.0,2.0,2.0,2.0,1.0,1.0,1.0
inst_e7edf3579f718661_45,"Five developments were completed by the parties. While the contractor’s interim applications were unsupported by evidence of the true costs incurred, they were paid by Mr Leslie as they appeared reasonable and were within the budget of each development. When determining the profit share at the end of each development, the parties calculated the build costs to be the same as the budget costs and the contractor did not provide a breakdown of the actual build costs for the projects.",1.0,1.0,1.0,1.0,1.0,1.0,1.0,1.0,1.0
inst_e95e4224dcc2c4ef_48,"Kyler was a fit, healthy young person. He worked as a mover at a local furniture store and was also an employee at Walmart while studying to become a personal trainer. He did not fit the stereotype of someone who would quickly die from the flu.",1.0,1.0,1.0,1.0,1.0,2.0,1.0,2.0,1.0
inst_e9d9232c3aa4ed6c_242,"Friday, October 21, 2011 - Santiago, Chile: We gathered in Santiago after long days of traveling for a lovely, outdoor cocktail party on the Hotel W’s top floor. While enjoying the sunset and stunning views of the city we were introduced to Zegrahm’s expert staff, our guides for this much-anticipated 20th anniversary voyage to South Georgia and the Falkland Islands. Saturday, October 22 - Santiago / Stanley, Falkland Islands / Embark Sea Spirit:...",2.0,2.0,2.0,2.0,1.0,3.0,5.0,5.0,2.0
inst_e9e9fc4cc3220e9e_90,"And when I sleep, which is like 16 hours of the day, I dream of being in the South Pacific, perhaps an isolated lagoon in Fiji or Tahiti, which is where I really want to be, someday, but when I wonder? Or I dream of good yummy food, things like chicken, not the pox-kinds, but the feathered, two-legged kinds. And when I am awake, I look out of the window to see the pigeons gallivanting around in balcony with some kind of serious purpose, the kind that you would find at office hours in the morning Churchgate, when the trains from the suburbs start rolling in.",4.0,2.0,4.0,1.0,1.0,3.0,3.0,4.0,2.0
inst_ea4bd460280dc3e9_41,"During the 1980s demand for vinyl records began to ebb as CDs and DVDs emerged. Production bottomed out in the early 1990s when GZ Media was producing just some 200,000 pieces a year. In 1989, the communist regime collapsed and GZ Media was up for grabs as part of a nation-wide privatization program.",1.0,1.0,1.0,4.0,2.0,2.0,5.0,2.0,1.0
inst_eb818f83d1e944c6_7,Dhooli Pada Pooja and Swagatha Pathrika Samarpanam was performed by Palakkad Citizens and Nurani Grama Samudayam. It is the fortune of Kerala that the Lord incarnated as Sri Adi Shankaracharya in Kalady in Kerala. here.,,,,,,,,,
inst_ed50cc9193dd4ada_38,"Then he proceeded to offend the Puritans by demanding a place in one of their meeting houses to conduct Anglican services. As far as the Puritans were concerned, Anglicans (Episcopalians) were nearly as godless as Catholics, so, with some trepidation, they turned him down. Andros would quickly set about establishing a new form of government in Massachusetts, one not controlled by the Congregational churches, and then expanding his Dominion to include Rhode Island and Connecticut.",2.0,2.0,2.0,3.0,4.0,2.0,1.0,3.0,1.0
inst_efb3c26b6a0357eb_171,"- On 27 May, the Revd Geoffrey Harold Brown: Rector of St George's, Birmingham (1963-73); Team Rector of Great Grimsby (1973-85); Canon and Prebendary of Lincoln Cathedral (1979-85); Vicar of St Martin-in-the-Fields (1985-95); aged 85. BURRELL. - On 28 May, the Revd Godfrey John Burrell: Chaplain of St Alban's College, Pretoria (1990-95); Pretoria Central Prison (1990-94); Rector of Trinity, Lynnwood (1996-2001); Archdeacon of Pretoria East (2000-2001); Rector of Lighthorne (2001-11); Vicar of Chesterton, and of Newbold Pacey with Moreton Morrell (2001-11); Rural Dean of Fosse (2007-11); Vicar of Benson since 2011; aged 67.",1.0,1.0,1.0,2.0,1.0,2.0,5.0,5.0,1.0
inst_efed6a963ba8d1aa_180,"And she still has no resolution on this matter.”
Liu says his office has contacted the city’s Department of Finance. But, so far, the mistake has yet to be corrected. And the next tax payment is due on Monday. “I mean, I can’t afford to get angry at the Finance Department, I just hope the situation will stop,” Boyajian said.",2.0,2.0,2.0,1.0,3.0,1.0,1.0,1.0,1.0
inst_f03dc0791c2d4916_300,"(AP)
A fire still burns in a home destroyed by the Marshall Wildfire in Louisville. (AP)
The wildfire erupted Thursday in and around Louisville and Superior, neighboring towns about 32 kilometres northwest of Denver with a combined population of 34,000. Tens of thousands were ordered to flee as the flames, propelled by gusts up to 169 kph, swept over drought-stricken neighborhoods with alarming speed.",1.0,1.0,1.0,2.0,2.0,3.0,4.0,4.0,2.0
inst_f079bbac251a596c_173,Popo who is a valedictorian of her high school used her design to create what she plans to do for her mum when she is old enough to pay her for taking care of her. It shows her in the future standing behind her mother; the two are pictured in front of a framed photo of her mother when she was young holding Popo when she was a baby. “I think it was just a chance to thank her for all she’d done.,3.0,2.0,4.0,1.0,1.0,3.0,2.0,1.0,1.0
inst_f0f28538b3e3b9ea_56,"This harsh mantra got me through some crippling gym anxiety when I started the gym, and each time I try a new or more advanced move. I would get so anxious I'd risk injury. Remember that most want to get in, bang it out and get out.",5.0,5.0,3.0,3.0,4.0,2.0,2.0,2.0,1.0
inst_f100a273529f12fb_207,"Superstar Helen, who has never failed to impress us with her acting, dance and looks will be seen in this week’s episode of celebrity couples dance reality show – Nach Baliye 9. Helen, who is a huge fan of Amitabh Bachchan and Shammi Kapoor, found her biggest fan on Nach Baliye 9 and it was none other than judge Raveena Tandon. Raveena said, “I am Helen Ma’am’s biggest fan.",1.0,1.0,1.0,1.0,1.0,1.0,2.0,1.0,1.0
inst_f126d0654a7790b6_73,"Invited paper, Journal of Software (JSW), Vol. 6, No. 5, Academy Publisher, May 2011, 747-768. I joined EECS in February 2002, after a few years as Senior Researcher at (Mitel Networks).",1.0,1.0,1.0,1.0,1.0,1.0,3.0,2.0,1.0
inst_f2bc022b2bcb0668_4,"I’m no art critic but I really enjoyed this exhibition and thought the geometry of Agnes Martin’s pieces were a perfect complement to the rotunda space of the Frank Lloyd Wright building. As we progressed later in her work and more pastels were introduced with softer boundaries, there was a soft lightness to her work that instantly made me feel like cuddling in cashmere. The desired aesthetic of the Gardens is to capture the essence of Singapore as the premier tropical Garden City.",4.0,3.0,4.0,1.0,1.0,3.0,1.0,3.0,2.0
inst_f4e3409a4a875245_276,"The deed paperwork for the building and 10 acres of surrounding property is expected to be completed in March. Officials from the Illinois National Guard told the Star-Gazette it was necessary to combine assets to maximize potential grants and to more efficiently use their resources. The Schewe Building is named for local philanthropist Karl Schewe who donated $200,000 for the building’s construction, which was completed in 1987.",1.0,1.0,1.0,2.0,1.0,2.0,2.0,2.0,1.0
inst_f68c063159117577_336,"We were each responsible for a certain portion of the presentation, and we were expected to dress professionally, as though presenting to the state board of nursing. Three of us busted our asses before class -- read and re-read our text, double-checked our slides, changed out of scrubs into dress clothes, etc. The 4th guy didnt give us his slides until just before class, and he'd thrown in what looked like a picture of Nurse Rached.",3.0,2.0,3.0,2.0,3.0,4.0,2.0,2.0,2.0
inst_f771cb0b1a20f8fe_152,"Yes, yesterday I got out there and ran 6 miles and even did those 6 at a good clip, but I really had to force myself to get going. I know that with a lot of people that is always the case. They have to push themselves out the door, but once they are there, they are great!",3.0,2.0,3.0,2.0,2.0,2.0,2.0,1.0,1.0
inst_f92843cbf2890959_100,"We are to meet next Wednesday in New York
    And finish up some subjects--he has thoughts
    How I can help America, if I drop
    This line or that a little, all in all. *       *       *       *       *

    But something happens; I have met a loss;
    Would see no one, and write him I am off. And on that Wednesday flashes from the war
    Say Quentin has been killed: we had not met
    If I had stayed to meet him.",5.0,4.0,4.0,4.0,4.0,2.0,3.0,3.0,1.0
inst_f94166ceba513c2e_82,"I spent most of the following day in clearing out a pool of water, and
preparing it for baptizing in, as I saw many to be baptized there. I
afterwards baptized six hundred in that pool of water. On Sunday, the 8th, I preached at Frome's Hill in the morning, at
Standley Hill in the afternoon, and at John Benbow's, Hill Farm, in the
evening.",4.0,1.0,1.0,2.0,1.0,3.0,4.0,4.0,1.0
inst_fc6f7c91d784380b_133,"Zak nodded, but couldn’t hide his anger. Dusty hugged him tighter. Danny began to sob again and the conversation came to a standstill. Finally, Danny inhaled deeply and continued, “In the letter, she told me the truth.",3.0,4.0,2.0,3.0,4.0,4.0,1.0,1.0,3.0
inst_fd2f20dc73621838_30,"Accessorised in oversized sunglasses with flowery frames and statement embellished earrings, the SS18 collection was all about tactility. Outfits were adorned in 3D florals and there was a clever mix of fabrics. Laser cut lace, sheer layers and embellishments made for an ornate look.",1.0,1.0,1.0,1.0,1.0,4.0,3.0,1.0,3.0
inst_fd41256d12183651_303,"I had never seen snow like it. The flakes looked dark against the white sky. How Do You Evaluate Success? Today, I feel successful. I woke up feeling energised, I woke up excited for my day. I made a very student lunch (chicken steak and barbecue sandwich), helped myself to a black coffee..
Hospital Bed
I wondered whether Mummy felt this way too when she was in hospital and whether I did enough to comfort her.",5.0,5.0,4.0,1.0,1.0,3.0,2.0,2.0,3.0
inst_fe530bf9561cfe6e_284,"Arlington Partners LLC now owns 146 shares of the conglomerate’s stock valued at $31,000 after acquiring an additional 71 shares during the last quarter. Founders Capital Management bought a new position in Honeywell International in the 3rd quarter worth approximately $32,000. RPg Family Wealth Advisory LLC bought a new position in Honeywell International in the 2nd quarter worth approximately $36,000.",1.0,1.0,1.0,3.0,1.0,1.0,2.0,1.0,1.0
inst_fec9fec372e92309_245,"Did not feel confident in tackling the job myself as did not recognise the type of fitting. Turned out to be a copper push-fit! Nic came when he promised, replaced the joint with a conventional compression fitting.",3.0,2.0,4.0,3.0,3.0,2.0,1.0,1.0,1.0
inst_ff87e58297f5cecf_205,"La Plaza del Mentidero (Liars Square) of triangular plant, slightly extended, is the axis of a district that began to be constructed in 1755 to complete the city between Plaza de San Antonio and the quarters of Carlos III. According to the request of the founders of the Brotherhood of the Santísimo Christ of the Expiration, a humilladero was made, that later would be denominated Cross of the Truth. This name would lead to confusion, the unemployed would meet in this square to give news of all kinds, especially false, so it would soon be known as Plaza de la Cruz de las Mentiras, name from which derives its current name from Plaza del Mentidero.",1.0,1.0,1.0,1.0,1.0,3.0,4.0,4.0,1.0
